ticker,name,exchange,request_status,quality_status,raw_rows,valid_rows,duplicate_dates,invalid_rows,first_date,last_date,post_2018_valid_rows,traded_since_2018,raw_bytes,suspicious_security_label
ACAP,AMERICAN PHYSICIANS CAPITAL INC,NASDAQ,empty,no_rows,0,0,0,0,,,0,False,3,False
AMLN,Amylin Pharmaceuticals LLC,NASDAQ,empty,no_rows,0,0,0,0,,,0,False,3,False
AMRS,Amyris Inc,NASDAQ,success,clean,1920,1920,0,0,2016-01-04,2023-08-18,1417,True,211483,False
ARVX,Aerovox Inc,NASDAQ,empty,no_rows,0,0,0,0,,,0,False,3,False
ASBI,Ameriana Bancorp,NASDAQ,empty,no_rows,0,0,0,0,,,0,False,3,False
ASCB,A SPAC II Acquisition Corp. Ordinary Shares,NASDAQ,success,clean,802,802,0,0,2022-05-31,2025-08-11,802,True,87221,False
BBSW,Broadbase Software Inc,NASDAQ,empty,no_rows,0,0,0,0,,,0,False,3,False
BFED,Beacon Federal Bancorp Inc,NASDAQ,empty,no_rows,0,0,0,0,,,0,False,3,False
BOWNR,Bowen Acquisition Corp Rights,NASDAQ,success,warning,255,254,0,1,2023-08-17,2025-07-15,254,True,28152,False
BRLIU,Brilliant Acquisition Corp,NASDAQ,success,clean,888,888,0,0,2020-06-24,2024-01-03,888,True,94661,False
CBNJ1,Community Bancorp Of New Jersey,NASDAQ,empty,no_rows,0,0,0,0,,,0,False,3,False
CCNWW,FinTech Acquisition Corp. Warrants,NASDAQ,success,clean,384,384,0,0,2016-01-08,2017-07-19,0,False,40470,True
CELM,China Electric Motor Inc,NASDAQ,empty,no_rows,0,0,0,0,,,0,False,3,False
CFRX,ContraFect Corp,NASDAQ,success,clean,2066,2066,0,0,2016-01-04,2024-03-20,1563,True,225753,False
CGEN1,Collagen Aesthetics Inc,NASDAQ,empty,no_rows,0,0,0,0,,,0,False,3,False
CLYS,Catalyst International Inc,NASDAQ,empty,no_rows,0,0,0,0,,,0,False,3,False
CNFRL,Conifer Holdings Inc. Senior Unsecured Notes,NASDAQ,success,clean,1236,1236,0,0,2018-10-31,2023-09-29,1236,True,136920,False
DBTX,Decibel Therapeutics Inc,NASDAQ,success,clean,665,665,0,0,2021-02-12,2023-10-04,665,True,71444,False
DCRD,Decarbonization Plus Acquisition Corporation IV,NASDAQ,success,clean,356,356,0,0,2021-10-04,2023-03-03,356,True,38567,False
DCRNW,Decarbonization Plus Acquisition Corporation II,NASDAQ,success,clean,200,200,0,0,2021-04-01,2022-01-13,200,True,21560,False
DHHCU,DiamondHead Holdings Corp,NASDAQ,success,clean,549,549,0,0,2021-01-26,2023-03-30,549,True,58368,False
DISH,DISH Network Corporation,NASDAQ,success,clean,2015,2015,0,0,2016-01-04,2024-01-04,1512,True,230237,False
EF,Edelman Financial Group Inc,NASDAQ,empty,no_rows,0,0,0,0,,,0,False,3,False
EGLE1,Eagle Food Centers Inc,NASDAQ,empty,no_rows,0,0,0,0,,,0,False,3,False
EIMO,Eimo Plc,NASDAQ,empty,no_rows,0,0,0,0,,,0,False,3,False
ENCD,Encad Inc,NASDAQ,empty,no_rows,0,0,0,0,,,0,False,3,False
ENLU,EnerLume Energy Management Corp,NASDAQ,empty,no_rows,0,0,0,0,,,0,False,3,False
ESRX,Express Scripts Holding Co,NASDAQ,success,clean,748,748,0,0,2016-01-04,2018-12-20,245,True,84999,False
FASH,Fashionmall Com Inc,NASDAQ,empty,no_rows,0,0,0,0,,,0,False,3,False
FBCP,Founders Bancorp CA,NASDAQ,empty,no_rows,0,0,0,0,,,0,False,3,False
FCWI,First Commonwealth Inc,NASDAQ,empty,no_rows,0,0,0,0,,,0,False,3,False
FFYF,Ffy Financial Corp,NASDAQ,empty,no_rows,0,0,0,0,,,0,False,3,False
FRES,Fresh2 Group Ltd,NASDAQ,success,clean,1238,1238,0,0,2020-01-30,2024-12-30,1238,True,130593,False
FSACU,Federal Street Acquisition Corp,NASDAQ,success,clean,366,366,0,0,2017-07-19,2018-12-31,251,True,40032,False
FUBC,1st United Bancorp Inc (Florida),NASDAQ,empty,no_rows,0,0,0,0,,,0,False,3,False
GBRGW,Goldenbridge Acquisition Limited,NASDAQ,success,clean,901,901,0,0,2021-04-16,2025-12-19,901,True,100381,False
GHVI,Gores Holdings VI Inc,NASDAQ,success,clean,169,169,0,0,2021-02-02,2022-02-18,169,True,18945,False
GHVIQ,Genesis Health Ventures Inc,NASDAQ,empty,no_rows,0,0,0,0,,,0,False,3,False
GMHIU,Gores Metropoulos Inc,NASDAQ,success,clean,464,464,0,0,2019-02-01,2020-12-02,464,True,50802,False
GSRMU,GSR II Meteora Acquisition Corp Unit,NASDAQ,success,clean,340,340,0,0,2022-02-23,2023-06-30,340,True,36915,True
GTPAW,Gores Technology Partners Inc,NASDAQ,success,warning,406,405,0,1,2021-05-06,2022-12-12,405,True,43602,False
GTWN,Georgetown Bancorp Inc (MD),NASDAQ,success,clean,350,350,0,0,2016-01-04,2017-05-23,0,False,38768,False
GVCIU,Green Visor Financial Technology Acquisition Corp I Unit,NASDAQ,success,clean,382,382,0,0,2021-11-09,2023-05-17,382,True,41847,True
GWACW,Good Works Acquisition Corp,NASDAQ,success,clean,183,183,0,0,2020-12-07,2021-08-27,183,True,19721,False
GWGH,GWG Holdings Inc,NASDAQ,success,clean,1635,1635,0,0,2016-01-04,2022-06-30,1132,True,176460,False
GY,Gencorp Inc,NASDAQ,empty,no_rows,0,0,0,0,,,0,False,3,False
HCCHU,HL Acquisitions Corp,NASDAQ,success,clean,619,619,0,0,2018-06-28,2020-12-10,619,True,67507,False
HPTX,Hyperion Therapeutics Inc,NASDAQ,empty,no_rows,0,0,0,0,,,0,False,3,False
HUNTW,Hunter Maritime Acquisition Corp,NASDAQ,success,clean,544,544,0,0,2017-01-26,2019-03-26,309,True,57511,False
IBLTZ,Impath Inc,NASDAQ,empty,no_rows,0,0,0,0,,,0,False,3,False
IMUL,Immulogic Pharmaceutical Corp,NASDAQ,empty,no_rows,0,0,0,0,,,0,False,3,False
KEYN,Keynote Systems Inc,NASDAQ,empty,no_rows,0,0,0,0,,,0,False,3,False
KINZU,Kins Technology Group Inc.,NASDAQ,success,clean,565,565,0,0,2020-10-22,2023-03-14,565,True,61960,False
LFIN1,Local Financial Corp,NASDAQ,empty,no_rows,0,0,0,0,,,0,False,3,False
LIFWW,MSP Recovery Inc.,NASDAQ,success,clean,598,598,0,0,2022-05-24,2024-12-06,598,True,69026,False
LIHR,Lihir Gold Ltd,NASDAQ,empty,no_rows,0,0,0,0,,,0,False,3,False
LJAQW,LightJump Acquisition Corporation,NASDAQ,success,warning,476,464,0,12,2021-03-02,2022-12-30,464,True,52328,False
LMMKP,Landmark Infrastructure Partners LP,NASDAQ,success,clean,16,16,0,0,2018-03-28,2018-04-19,16,True,1721,False
LVTX,LAVA Therapeutics NV,NASDAQ,success,clean,1177,1177,0,0,2021-03-25,2025-11-28,1177,True,126164,False
MBRKQ,MiddleBrook Pharmaceuticals Inc,NASDAQ,empty,no_rows,0,0,0,0,,,0,False,3,False
MHGC,Morgans Hotel Group Company,NASDAQ,success,clean,231,231,0,0,2016-01-04,2016-11-30,0,False,24637,False
MNRK,Monarch Financial Holdings Inc,NASDAQ,success,clean,121,121,0,0,2016-01-04,2016-06-24,0,False,13658,False
MOLGY,MOL Global Inc,NASDAQ,success,clean,334,334,0,0,2016-01-04,2017-05-01,0,False,35711,False
MXIP,Max Internet Communications Inc,NASDAQ,empty,no_rows,0,0,0,0,,,0,False,3,False
NAFC,Nash Finch Co,NASDAQ,empty,no_rows,0,0,0,0,,,0,False,3,False
NBTF,NB&T Financial Group Inc,NASDAQ,empty,no_rows,0,0,0,0,,,0,False,3,False
NCEM,Nevada Chemicals Inc,NASDAQ,empty,no_rows,0,0,0,0,,,0,False,3,False
NKBP,China Nuokang Bio-Pharmaceutical Inc,NASDAQ,empty,no_rows,0,0,0,0,,,0,False,3,False
NUGND,Livento Group Inc.,NASDAQ,success,clean,2574,2574,0,0,2016-01-04,2026-03-30,2071,True,271593,False
NXGN,Nextgen Healthcare Inc,NASDAQ,success,warning,1982,1981,0,1,2016-01-04,2023-11-14,1478,True,223067,False
NYMTI,"New York Mortgage Trust, Inc. 9.125% Senior Notes Due 2029",NASDAQ,success,clean,340,340,0,0,2024-07-01,2025-11-25,340,True,38337,False
OPOF,Old Point Financial Corporation,NASDAQ,success,clean,2356,2356,0,0,2016-01-04,2025-08-29,1876,True,264788,False
OTRK,Ontrak Inc,NASDAQ,success,clean,2430,2430,0,0,2016-01-04,2025-09-02,1927,True,267635,False
PETVW,PetVivo Holdings Inc. Warrant,NASDAQ,success,clean,547,547,0,0,2021-08-11,2026-05-21,547,True,60454,True
PPHPR,PHP Ventures Acquisition Corp. Rights,NASDAQ,success,warning,248,246,0,2,2021-10-04,2024-04-04,246,True,27157,False
RARE1,Rare Hospitality International Inc,NASDAQ,empty,no_rows,0,0,0,0,,,0,False,3,False
RNERW,Mount Rainier Acquisition Corp. Warrant,NASDAQ,success,clean,290,290,0,0,2022-01-03,2023-02-28,290,True,32011,True
RNHDA,Reinhold Industries Inc,NASDAQ,empty,no_rows,0,0,0,0,,,0,False,3,False
ROCAR,ROC Energy Acquisition Corp. Rights,NASDAQ,success,clean,370,370,0,0,2021-12-29,2023-06-20,370,True,40290,False
RSIS,Rsi Systems Inc,NASDAQ,empty,no_rows,0,0,0,0,,,0,False,3,False
RTWI,Rtw Inc,NASDAQ,empty,no_rows,0,0,0,0,,,0,False,3,False
RUE,rue21 inc.,NASDAQ,empty,no_rows,0,0,0,0,,,0,False,3,False
SCOP,Scopus Video Networks Ltd,NASDAQ,empty,no_rows,0,0,0,0,,,0,False,3,False
SDAC,Sustainable Development Acquisition I Corp,NASDAQ,success,clean,587,587,0,0,2021-03-30,2023-07-28,587,True,62701,False
SMDK,Smartdisk Corp,NASDAQ,empty,no_rows,0,0,0,0,,,0,False,3,False
SNTA,Synta Pharmaceuticals Corp,NASDAQ,success,clean,140,140,0,0,2016-01-04,2016-07-22,0,False,15986,False
SPAN,Span-America Medical Systems Inc,NASDAQ,success,clean,367,367,0,0,2016-01-04,2017-06-16,0,False,41521,False
SPPRP,Supertel Hospitality Inc,NASDAQ,empty,no_rows,0,0,0,0,,,0,False,3,False
SVTG,Savoir Technology Group Inc,NASDAQ,empty,no_rows,0,0,0,0,,,0,False,3,False
TLGT,Teligent Inc,NASDAQ,success,clean,1502,1502,0,0,2016-01-04,2021-12-17,999,True,164744,False
TPTX,Turning Point Therapeutics Inc,NASDAQ,success,clean,855,855,0,0,2019-04-17,2022-09-07,855,True,96560,False
TRPX,Therapix Biosciences Ltd,NASDAQ,success,clean,971,971,0,0,2016-05-24,2021-01-27,773,True,105282,False
TSBS,Peoples Bancorp Inc,NASDAQ,empty,no_rows,0,0,0,0,,,0,False,3,False
TSYS,TeleCommunication Systems Inc,NASDAQ,success,clean,35,35,0,0,2016-01-04,2016-02-23,0,False,3784,False
TYDE,Cryptyde Inc.,NASDAQ,success,clean,263,263,0,0,2022-05-18,2023-06-05,263,True,29273,False
USHS,Us Home Systems Inc,NASDAQ,empty,no_rows,0,0,0,0,,,0,False,3,False
VENAW,Venus Acquisition Corporation,NASDAQ,success,clean,421,421,0,0,2021-04-13,2022-12-09,421,True,46641,False
VIBC,Vib Corp,NASDAQ,empty,no_rows,0,0,0,0,,,0,False,3,False
WPSC,Wheeling Pittsburgh Corp,NASDAQ,empty,no_rows,0,0,0,0,,,0,False,3,False
XGTIW,xG Technology Inc. WT EXP 071918,NASDAQ,success,clean,641,641,0,0,2016-01-04,2018-07-19,138,True,66784,False
ACIC-U,ACIC-U,NYSE,success,clean,287,287,0,0,2020-10-23,2021-12-17,287,True,30215,True
ADF-U,ADF-U,NYSE,success,clean,123,123,0,0,2021-06-01,2021-12-02,123,True,13476,True
AJRD,Aerojet Rocketdyne Holdings Inc,NYSE,success,clean,1904,1904,0,0,2016-01-04,2023-07-27,1401,True,217114,False
AMZ,American Medical Security Group Inc,NYSE,empty,no_rows,0,0,0,0,,,0,False,3,False
APW,Apw Ltd,NYSE,empty,no_rows,0,0,0,0,,,0,False,3,False
ATHN-U,ATHN-U,NYSE,success,clean,157,157,0,0,2021-05-07,2021-12-17,157,True,16834,True
AZK,Aurizon Mines Ltd,NYSE,empty,no_rows,0,0,0,0,,,0,False,3,False
BANB,Bachem Holding AG B,NYSE,success,clean,1168,1168,0,0,2016-01-04,2020-10-08,675,True,126088,False
BBF,BlackRock Municipal Income Investment Trust,NYSE,success,clean,1329,1329,0,0,2016-01-04,2021-04-14,826,True,151323,False
BLL,Ball Corporation,NYSE,success,clean,1600,1600,0,0,2016-01-04,2022-05-10,1097,True,184638,False
BMRG-WS,BMRG-WS,NYSE,success,clean,113,113,0,0,2020-06-03,2020-11-16,113,True,12521,True
BNNP,BANK OF NAPA NA,NYSE,success,warning,477,471,0,6,2016-01-04,2017-11-21,0,False,50764,False
BNNX,Banks.com Inc,NYSE,empty,no_rows,0,0,0,0,,,0,False,3,False
BVX,Bovie Medical Corporation,NYSE,success,clean,754,754,0,0,2016-01-04,2018-12-31,251,True,80693,False
CCX-U,CCX-U,NYSE,success,clean,534,534,0,0,2019-10-25,2021-12-20,534,True,57669,True
CFN1,Contifinancial Corp,NYSE,empty,no_rows,0,0,0,0,,,0,False,3,False
CGC1,Cascade Natural Gas Corp,NYSE,empty,no_rows,0,0,0,0,,,0,False,3,False
CLAA,Colonnade Acquisition II Corp,NYSE,success,clean,469,469,0,0,2021-04-30,2023-03-10,469,True,49733,False
CLDR,Cloudera Inc,NYSE,success,clean,1123,1123,0,0,2017-04-27,2021-10-11,951,True,126450,False
CNG,Consolidated Natural Gas Co,NYSE,success,clean,1552,1552,0,0,2016-01-04,2022-03-02,1049,True,173070,False
CNNX,CONE Midstream Partners LP,NYSE,success,clean,505,505,0,0,2016-01-04,2018-01-03,2,True,57504,False
CSAOY,Telmex Corp Sa,NYSE,empty,no_rows,0,0,0,0,,,0,False,3,False
CSI1,Chase Industries Llc,NYSE,empty,no_rows,0,0,0,0,,,0,False,3,False
CTEST-B,CTEST-B,NYSE,success,warning,9,1,0,8,2019-07-29,2019-07-29,1,True,893,False
DMHYY,Ducati Motor Holding Spa,NYSE,empty,no_rows,0,0,0,0,,,0,False,3,False
DOL1,Dole Food Company Inc,NYSE,empty,no_rows,0,0,0,0,,,0,False,3,False
DOMGL,Dominion Energy Inc,NYSE,success,clean,6,6,0,0,2019-06-12,2019-06-28,6,True,702,False
DRX,DRX,NYSE,success,clean,231,231,0,0,2016-01-27,2018-02-22,1,True,24952,False
DUC,Duff & Phelps Utility and Corporate Bond Trust Inc,NYSE,success,clean,1309,1309,0,0,2016-01-04,2021-03-16,806,True,143022,False
ECBE,Ecb Bancorp Inc,NYSE,empty,no_rows,0,0,0,0,,,0,False,3,False
ECC1,Ecc International Corp,NYSE,empty,no_rows,0,0,0,0,,,0,False,3,False
ECCW,Eagle Point Credit Company Inc.,NYSE,success,clean,1284,1284,0,0,2021-03-29,2026-05-07,1284,True,143973,False
ECCX,Eagle Point Credit Company Inc,NYSE,success,clean,1962,1962,0,0,2018-04-30,2026-05-07,1962,True,223040,False
ENRNQ,Enron Corp,NYSE,empty,no_rows,0,0,0,0,,,0,False,3,False
EOP,Equity Office Properties Trust,NYSE,empty,no_rows,0,0,0,0,,,0,False,3,False
EQC,Equity Commonwealth,NYSE,success,clean,2348,2348,0,0,2016-01-04,2025-05-05,1845,True,268088,False
ETF,Emerging Markets Telecommunications Fund Inc,NYSE,empty,no_rows,0,0,0,0,,,0,False,3,False
ETL,Eutelsat Communications,NYSE,success,clean,1229,1229,0,0,2016-07-18,2021-06-03,861,True,138559,False
EVR1,Everen Capital Corp,NYSE,empty,no_rows,0,0,0,0,,,0,False,3,False
FGNA-WS,FGNA-WS,NYSE,success,clean,164,164,0,0,2020-11-20,2021-07-20,164,True,18353,True
FI,"Fiserv, Inc.",NYSE,success,clean,2479,2479,0,0,2016-01-04,2025-11-10,1976,True,290926,False
FMM1,Ffp Marketing Co Inc,NYSE,empty,no_rows,0,0,0,0,,,0,False,3,False
FOB1,Boyds Collection Ltd,NYSE,empty,no_rows,0,0,0,0,,,0,False,3,False
FXAI,FX Alliance Inc,NYSE,empty,no_rows,0,0,0,0,,,0,False,3,False
GAPA-U,GAPA-U,NYSE,success,clean,134,134,0,0,2021-05-03,2021-12-17,134,True,14247,True
GBHD,Gb Holdings Inc,NYSE,empty,no_rows,0,0,0,0,,,0,False,3,False
GBL,Gamco Investors Inc,NYSE,success,clean,1747,1747,0,0,2016-01-04,2022-12-08,1244,True,197878,False
GBTG-WT,Global Business Travel Group Inc. Warrants,NYSE,success,clean,105,105,0,0,2022-05-27,2022-10-26,105,True,11259,True
GFX-U,GFX-U,NYSE,success,clean,215,215,0,0,2020-12-29,2021-12-17,215,True,23046,True
GIX-WS,GIX-WS,NYSE,success,clean,1127,1127,0,0,2016-01-04,2021-12-16,750,True,125649,True
GOLLQ,Gol Linhas Aéreas Inteligentes S.A,NYSE,success,clean,2363,2363,0,0,2016-01-04,2025-05-27,1860,True,260913,False
GPU,Gpu Inc,NYSE,empty,no_rows,0,0,0,0,,,0,False,3,False
GSE,Gundle Slt Environmental Inc,NYSE,empty,no_rows,0,0,0,0,,,0,False,3,False
GWOW,Genesis Worldwide Inc,NYSE,empty,no_rows,0,0,0,0,,,0,False,3,False
GWR,Genesee & Wyoming Inc,NYSE,success,clean,1004,1004,0,0,2016-01-04,2019-12-27,501,True,113613,False
HERBA,Herbalife International Inc,NYSE,empty,no_rows,0,0,0,0,,,0,False,3,False
HFC,HollyFrontier Corporation,NYSE,success,clean,1560,1560,0,0,2016-01-04,2022-03-14,1057,True,179831,False
HTE,Harvest Energy Trust,NYSE,success,clean,1076,1076,0,0,2016-01-04,2020-04-29,573,True,132602,False
ICNC-WS,ICNC-WS,NYSE,success,clean,4,4,0,0,2021-12-13,2021-12-17,4,True,426,True
IHI1,Information Holdings Inc,NYSE,empty,no_rows,0,0,0,0,,,0,False,3,False
IRNT,Ironnet Inc,NYSE,success,clean,947,947,0,0,2020-03-23,2024-02-22,947,True,105018,False
KLG-WI,WK Kellogg Co,NYSE,success,clean,47,47,0,0,2023-09-27,2023-12-01,47,True,5330,False
KME1,Key3Media Group Inc,NYSE,empty,no_rows,0,0,0,0,,,0,False,3,False
KWP,King World Productions Inc,NYSE,empty,no_rows,0,0,0,0,,,0,False,3,False
LPS,Lender Processing Services Inc,NYSE,empty,no_rows,0,0,0,0,,,0,False,3,False
MEH,Midwest Air Group Inc,NYSE,empty,no_rows,0,0,0,0,,,0,False,3,False
MILL,Miller Energy Resources Inc,NYSE,success,clean,59,59,0,0,2016-01-04,2016-03-29,0,False,6603,False
MKG,Mallinckrodt Inc,NYSE,empty,no_rows,0,0,0,0,,,0,False,3,False
ML,MoneyLion Inc,NYSE,success,clean,1173,1173,0,0,2020-08-17,2025-04-16,1173,True,129049,False
MQG,Macquarie Group Ltd,NYSE,success,clean,220,220,0,0,2016-01-11,2017-03-13,0,False,23592,False
MXO,Maxtor Corp,NYSE,empty,no_rows,0,0,0,0,,,0,False,3,False
NEWM,Gannett Co. Inc,NYSE,success,clean,978,978,0,0,2016-01-04,2019-11-19,475,True,111302,False
NRF,NorthStar Realty Finance Corp,NYSE,success,clean,258,258,0,0,2016-01-04,2017-01-10,0,False,29743,False
NYRT,New York REIT Inc,NYSE,success,clean,716,716,0,0,2016-01-04,2018-11-02,213,True,79762,False
OAKS,Hunt Companies Finance Trust Inc,NYSE,success,clean,607,607,0,0,2016-01-04,2018-06-01,104,True,66251,False
PLYM,Plymouth Industrial REIT Inc,NYSE,success,clean,2170,2170,0,0,2017-06-09,2026-01-27,2028,True,247264,False
PNST-WT,Pinstripes Holdings Inc. WT,NYSE,success,clean,442,442,0,0,2022-03-11,2024-12-17,442,True,49684,False
PRBX,Probex Corp,NYSE,empty,no_rows,0,0,0,0,,,0,False,3,False
RAAS,Cloopen Group Holding Ltd,NYSE,success,clean,612,612,0,0,2021-02-09,2023-07-17,612,True,67317,False
RPAI,Retail Properties of America Inc,NYSE,success,clean,1463,1463,0,0,2016-01-04,2021-10-22,960,True,167735,False
RYI,Ryerson Holding Corp,NYSE,success,clean,2594,2594,0,0,2016-01-04,2026-04-28,2091,True,292257,False
SBEV-WT,"Splash Beverage Group, Inc. WT",NYSE,success,clean,106,106,0,0,2024-12-06,2025-07-23,106,True,12062,False
SEAH-U,SEAH-U,NYSE,success,clean,270,270,0,0,2020-11-23,2021-12-17,270,True,29919,True
SGT,Sames Corp,NYSE,success,clean,1301,1301,0,0,2016-01-04,2022-03-02,798,True,139085,False
SHEL-WI,SHEL-WI,NYSE,success,clean,1,1,0,0,2022-01-31,2022-01-31,1,True,111,False
SNS,Stewart & Stevenson Inc,NYSE,empty,no_rows,0,0,0,0,,,0,False,3,False
STRE-WS,STRE-WS,NYSE,success,clean,94,94,0,0,2021-05-14,2021-12-17,94,True,9918,True
SUR,Cna Surety Corp,NYSE,success,clean,587,587,0,0,2016-01-04,2018-05-02,84,True,62815,False
SZ,Worldwide Restaurant Concepts Inc,NYSE,empty,no_rows,0,0,0,0,,,0,False,3,False
SZEZY,Suez,NYSE,empty,no_rows,0,0,0,0,,,0,False,3,False
TAP1,Travelers Property Casualty Corp,NYSE,empty,no_rows,0,0,0,0,,,0,False,3,False
THS1,Thermospectra Corp,NYSE,empty,no_rows,0,0,0,0,,,0,False,3,False
TSH,Teche Holding Company,NYSE,empty,no_rows,0,0,0,0,,,0,False,3,False
TSPQ-WS,TSPQ-WS,NYSE,success,warning,158,156,0,2,2021-04-22,2021-12-29,156,True,16852,True
TWNT-WS,TWNT-WS,NYSE,success,warning,146,137,0,9,2021-04-26,2022-01-12,137,True,15668,True
VSTO,Vista Outdoor Inc,NYSE,success,clean,2241,2241,0,0,2016-01-04,2024-11-26,1738,True,251110,False
WEBR,Weber Inc,NYSE,success,warning,392,388,0,4,2021-08-05,2023-02-17,388,True,43463,False
WLK1,Waterlink Inc,NYSE,empty,no_rows,0,0,0,0,,,0,False,3,False
WRE,Washington Real Estate Investment,NYSE,success,clean,1712,1712,0,0,2016-01-04,2022-10-19,1209,True,196261,False
XIN,Xinyuan Real Estate Co Ltd,NYSE,success,clean,2441,2441,0,0,2016-01-04,2025-09-17,1938,True,264333,False
AINC,Ashford Inc,NYSE MKT,success,warning,2071,2066,0,5,2016-01-04,2024-07-26,1644,True,236752,False
AMBI,Ambipar Emergency Response,NYSE MKT,success,clean,1304,1304,0,0,2020-09-09,2025-11-14,1304,True,138585,False
AST-WS,AST.WS,NYSE MKT,success,clean,359,359,0,0,2016-04-26,2017-09-26,0,False,38384,False
ASXC,Asensus Surgical Inc,NYSE MKT,success,warning,2176,2174,0,2,2016-01-04,2024-08-22,1671,True,235829,False
AUG,Fury Gold Mines Limited,NYSE MKT,success,clean,1260,1260,0,0,2016-01-05,2021-01-28,774,True,139314,False
BDR,Blonder Tongue Laboratories Inc,NYSE MKT,success,clean,1675,1675,0,0,2016-01-04,2022-08-26,1172,True,184208,False
BRD1,Ragan Brad Inc,NYSE MKT,empty,no_rows,0,0,0,0,,,0,False,3,False
BRG,Bluerock Residential Growth,NYSE MKT,success,clean,1702,1702,0,0,2016-01-04,2022-10-05,1199,True,191235,False
BRS,Bristow Group Inc,NYSE MKT,success,clean,847,847,0,0,2016-01-04,2019-05-17,344,True,95295,False
CHAQ,Chardan Healthcare Acquisition 2 Corp,NYSE MKT,success,clean,323,323,0,0,2020-06-22,2021-09-30,323,True,34919,False
CRCV,Chromcraft Revington Inc,NYSE MKT,empty,no_rows,0,0,0,0,,,0,False,3,False
CRRR1,Corriente Resources Inc,NYSE MKT,empty,no_rows,0,0,0,0,,,0,False,3,False
CTB,Cooper Tire & Rubber Company,NYSE MKT,success,clean,1367,1367,0,0,2016-01-04,2021-06-08,864,True,155916,False
CTK1,Comptek Research Inc,NYSE MKT,empty,no_rows,0,0,0,0,,,0,False,3,False
DMF,Bny Mellon Municipal Income Inc,NYSE MKT,success,clean,2380,2380,0,0,2016-01-04,2025-06-20,1877,True,259253,False
DMYY-WT,dMY Squared Technology Group Inc.,NYSE MKT,success,clean,364,364,0,0,2022-11-29,2025-09-29,364,True,39568,False
DRY,Coinmach Service Corp,NYSE MKT,empty,no_rows,0,0,0,0,,,0,False,3,False
DUNR,Dune Energy Inc,NYSE MKT,empty,no_rows,0,0,0,0,,,0,False,3,False
ECR,Eclipse Resources Corporation,NYSE MKT,success,clean,795,795,0,0,2016-01-04,2019-06-28,292,True,86668,False
EOCC,Enel Generación Chile S.A,NYSE MKT,success,clean,753,753,0,0,2016-01-04,2018-12-28,250,True,85546,False
EXN,Excellon Resources Inc.,NYSE MKT,success,clean,1824,1824,0,0,2016-01-04,2023-04-03,1322,True,202732,False
FPP-WS,Fieldpoint Petroleum Corp,NYSE MKT,success,clean,479,479,0,0,2016-01-04,2017-11-24,0,False,54007,False
FTL-A,Fruit Of The Loom Inc,NYSE MKT,empty,no_rows,0,0,0,0,,,0,False,3,False
GXYF,Galaxy Nutritional Foods Inc,NYSE MKT,empty,no_rows,0,0,0,0,,,0,False,3,False
HGC,Hudson General Corp,NYSE MKT,empty,no_rows,0,0,0,0,,,0,False,3,False
HTZ-R-W,Hertz Global Holdings Inc Rights expiring July 12 2019 When Issued,NYSE MKT,success,clean,1213,1213,0,0,2016-01-04,2020-11-02,715,True,138724,False
ID,PARTS iD Inc,NYSE MKT,success,clean,1566,1566,0,0,2017-12-01,2024-02-23,1546,True,170434,False
IHK,Imperial Sugar Co,NYSE MKT,empty,no_rows,0,0,0,0,,,0,False,3,False
IMUC-WS,ImmunoCellular Therapeutics Ltd. Warrants,NYSE MKT,success,clean,1481,1481,0,0,2016-01-04,2021-12-17,978,True,166440,True
IPVF-WS,IPVF-WS,NYSE MKT,success,clean,143,143,0,0,2021-04-26,2021-12-20,143,True,15221,True
LNFA,L&F Acquisition Corp.,NYSE MKT,success,clean,396,396,0,0,2021-01-07,2022-08-03,396,True,43501,False
MG1,Morgan Group Inc,NYSE MKT,empty,no_rows,0,0,0,0,,,0,False,3,False
MIMOQ,Airspan Networks Holdings Inc,NYSE MKT,success,warning,979,974,0,5,2020-11-19,2024-10-11,974,True,106972,False
MXA,Minnesota Municipal Income Portfolio Inc,NYSE MKT,empty,no_rows,0,0,0,0,,,0,False,3,False
NWY,New York & Company Inc,NYSE MKT,success,clean,727,727,0,0,2016-01-04,2018-11-19,224,True,77686,False
OKP,O Okiep Copper Ltd,NYSE MKT,empty,no_rows,0,0,0,0,,,0,False,3,False
PDM1,Pitt Des Moines Inc,NYSE MKT,empty,no_rows,0,0,0,0,,,0,False,3,False
PGV,PGV,NYSE MKT,success,clean,523,523,0,0,2016-01-04,2018-01-30,20,True,55519,False
PRB1,Black Raven Energy Inc,NYSE MKT,empty,no_rows,0,0,0,0,,,0,False,3,False
RNJ,Blackrock New Jersey Investment Quality Municipal Trust Inc,NYSE MKT,empty,no_rows,0,0,0,0,,,0,False,3,False
SCVX-U,SCVX-U,NYSE MKT,success,clean,416,416,0,0,2020-03-20,2021-12-17,416,True,45191,True
SPHC,Samaritan Pharmaceuticals Inc,NYSE MKT,success,clean,1550,1550,0,0,2016-01-04,2022-03-02,1049,True,160582,False
SSB1,Scotland Bancorp Inc,NYSE MKT,empty,no_rows,0,0,0,0,,,0,False,3,False
VMV,Invesco Van Kampen Massachusetts Value Municipal Income Trust,NYSE MKT,empty,no_rows,0,0,0,0,,,0,False,3,False
VRY,Victory Acquisition Corp,NYSE MKT,empty,no_rows,0,0,0,0,,,0,False,3,False
WBEV,Winc Inc,NYSE MKT,success,clean,315,315,0,0,2021-11-11,2023-02-13,315,True,34320,False
WGP,Western Midstream Partners LP,NYSE MKT,success,clean,793,793,0,0,2016-01-04,2019-02-27,290,True,90815,False
WRAC-WS,WRAC-WS,NYSE MKT,success,clean,51,51,0,0,2021-09-16,2021-12-17,51,True,5421,True
XLL,Exel Plc,NYSE MKT,empty,no_rows,0,0,0,0,,,0,False,3,False
XZL,Select Therapeutics Inc,NYSE MKT,empty,no_rows,0,0,0,0,,,0,False,3,False
