ticker,identity_panel,cik,link_status,decision_rule,reason_codes
AAIC,conflicting_isin,,unresolved,no_identity_candidates,no_identity_candidates
ACY,conflicting_isin,,unresolved,no_identity_candidates,no_identity_candidates
ADEX,conflicting_isin,,unresolved,no_identity_candidates,no_identity_candidates
AGGRU,strong_isin,,unresolved,no_identity_candidates,no_identity_candidates
AIU,conflicting_isin,,unresolved,no_identity_candidates,no_identity_candidates
AKG,strong_isin,,unresolved,no_identity_candidates,no_identity_candidates
ALTV,ticker_only,,unresolved,no_identity_candidates,no_identity_candidates
AML,ticker_only,,unresolved,no_identity_candidates,no_identity_candidates
AMMD,ticker_only,,unresolved,no_identity_candidates,no_identity_candidates
ARWA,ticker_only,,unresolved,no_identity_candidates,no_identity_candidates
ATMV,conflicting_isin,,unresolved,no_identity_candidates,no_identity_candidates
AVDX,conflicting_isin,,unresolved,no_identity_candidates,no_identity_candidates
AVTA,conflicting_isin,,unresolved,no_identity_candidates,no_identity_candidates
AYRO,strong_isin,,unresolved,no_identity_candidates,no_identity_candidates
BEE,ticker_only,,unresolved,no_identity_candidates,no_identity_candidates
BEEMW,ticker_only,,unresolved,no_identity_candidates,no_identity_candidates
BEI,ticker_only,,unresolved,no_identity_candidates,no_identity_candidates
BFIWQ,ticker_only,,unresolved,no_identity_candidates,no_identity_candidates
BFO,strong_isin,,unresolved,no_identity_candidates,no_identity_candidates
BGF,ticker_only,,unresolved,no_identity_candidates,no_identity_candidates
BIOS,strong_isin,,unresolved,no_identity_candidates,no_identity_candidates
BNSO,strong_isin,,unresolved,no_identity_candidates,no_identity_candidates
BOBJ,ticker_only,,unresolved,no_identity_candidates,no_identity_candidates
BPK,strong_isin,,unresolved,no_identity_candidates,no_identity_candidates
BRCN,conflicting_isin,,unresolved,no_identity_candidates,no_identity_candidates
BUJA,conflicting_isin,,unresolved,no_identity_candidates,no_identity_candidates
BYN,conflicting_isin,,unresolved,no_identity_candidates,no_identity_candidates
CAPX1,ticker_only,,unresolved,no_identity_candidates,no_identity_candidates
CATB,conflicting_isin,,unresolved,no_identity_candidates,no_identity_candidates
CAW,strong_isin,,unresolved,no_identity_candidates,no_identity_candidates
CBCI,ticker_only,,unresolved,no_identity_candidates,no_identity_candidates
CCIV,strong_isin,,unresolved,no_identity_candidates,no_identity_candidates
CCNC,conflicting_isin,,unresolved,no_identity_candidates,no_identity_candidates
CDORO,ticker_only,,unresolved,no_identity_candidates,no_identity_candidates
CENB,ticker_only,,unresolved,no_identity_candidates,no_identity_candidates
CENH,strong_isin,,unresolved,no_identity_candidates,no_identity_candidates
CGBS,conflicting_isin,,unresolved,no_identity_candidates,no_identity_candidates
CHAQ,conflicting_isin,,unresolved,no_identity_candidates,no_identity_candidates
CHEB,strong_isin,,unresolved,no_identity_candidates,no_identity_candidates
CIIC,strong_isin,,unresolved,no_identity_candidates,no_identity_candidates
CLSN,strong_isin,,unresolved,no_identity_candidates,no_identity_candidates
CLVS,strong_isin,,unresolved,no_identity_candidates,no_identity_candidates
CMD,strong_isin,,unresolved,no_identity_candidates,no_identity_candidates
CMRAW,ticker_only,,unresolved,no_identity_candidates,no_identity_candidates
CNAC,conflicting_isin,,unresolved,no_identity_candidates,no_identity_candidates
CNSI1,ticker_only,,unresolved,no_identity_candidates,no_identity_candidates
CNSL,strong_isin,,unresolved,no_identity_candidates,no_identity_candidates
COE1,ticker_only,,unresolved,no_identity_candidates,no_identity_candidates
COMR,ticker_only,,unresolved,no_identity_candidates,no_identity_candidates
CONE,strong_isin,,unresolved,no_identity_candidates,no_identity_candidates
COWN,strong_isin,,unresolved,no_identity_candidates,no_identity_candidates
CPLY1,ticker_only,,unresolved,no_identity_candidates,no_identity_candidates
CTAC,strong_isin,,unresolved,no_identity_candidates,no_identity_candidates
CTBP1,ticker_only,,unresolved,no_identity_candidates,no_identity_candidates
CTK,conflicting_isin,,unresolved,no_identity_candidates,no_identity_candidates
CTRA,conflicting_isin,,unresolved,no_identity_candidates,no_identity_candidates
CURO,strong_isin,,unresolved,no_identity_candidates,no_identity_candidates
CVON,conflicting_isin,,unresolved,no_identity_candidates,no_identity_candidates
DDIC,ticker_only,,unresolved,no_identity_candidates,no_identity_candidates
DDSU,ticker_only,,unresolved,no_identity_candidates,no_identity_candidates
DICE,conflicting_isin,,unresolved,no_identity_candidates,no_identity_candidates
DLIA2,ticker_only,,unresolved,no_identity_candidates,no_identity_candidates
DOOR,strong_isin,,unresolved,no_identity_candidates,no_identity_candidates
DTC,conflicting_isin,,unresolved,no_identity_candidates,no_identity_candidates
EARS,conflicting_isin,,unresolved,no_identity_candidates,no_identity_candidates
EAS,ticker_only,,unresolved,no_identity_candidates,no_identity_candidates
ECHO1,ticker_only,,unresolved,no_identity_candidates,no_identity_candidates
EGIO,conflicting_isin,,unresolved,no_identity_candidates,no_identity_candidates
EGOV,strong_isin,,unresolved,no_identity_candidates,no_identity_candidates
EMBK,conflicting_isin,,unresolved,no_identity_candidates,no_identity_candidates
EMWP,strong_isin,,unresolved,no_identity_candidates,no_identity_candidates
ENJY,conflicting_isin,,unresolved,no_identity_candidates,no_identity_candidates
EOCC,strong_isin,,unresolved,no_identity_candidates,no_identity_candidates
EPE,strong_isin,,unresolved,no_identity_candidates,no_identity_candidates
EQNX,ticker_only,,unresolved,no_identity_candidates,no_identity_candidates
EROS,strong_isin,,unresolved,no_identity_candidates,no_identity_candidates
ESDI,ticker_only,,unresolved,no_identity_candidates,no_identity_candidates
ESPR,strong_isin,,unresolved,no_identity_candidates,no_identity_candidates
ETFC,strong_isin,,unresolved,no_identity_candidates,no_identity_candidates
EVOJ,strong_isin,,unresolved,no_identity_candidates,no_identity_candidates
EXAI,conflicting_isin,,unresolved,no_identity_candidates,no_identity_candidates
EXEEL,conflicting_isin,,unresolved,no_identity_candidates,no_identity_candidates
EXEEZ,conflicting_isin,,unresolved,no_identity_candidates,no_identity_candidates
EXL,strong_isin,,unresolved,no_identity_candidates,no_identity_candidates
FIIF,ticker_only,,unresolved,no_identity_candidates,no_identity_candidates
FIO,ticker_only,,unresolved,no_identity_candidates,no_identity_candidates
FMAC,conflicting_isin,,unresolved,no_identity_candidates,no_identity_candidates
FOUN,strong_isin,,unresolved,no_identity_candidates,no_identity_candidates
FSAC,ticker_only,,unresolved,no_identity_candidates,no_identity_candidates
FSNMQ,ticker_only,,unresolved,no_identity_candidates,no_identity_candidates
FSRXW,ticker_only,,unresolved,no_identity_candidates,no_identity_candidates
FTAA,strong_isin,,unresolved,no_identity_candidates,no_identity_candidates
GB,conflicting_isin,,unresolved,no_identity_candidates,no_identity_candidates
GBIXQ,ticker_only,,unresolved,no_identity_candidates,no_identity_candidates
GBLL,conflicting_isin,,unresolved,no_identity_candidates,no_identity_candidates
GBRGR,conflicting_isin,,unresolved,no_identity_candidates,no_identity_candidates
GCI,conflicting_isin,,unresolved,no_identity_candidates,no_identity_candidates
GEAC,ticker_only,,unresolved,no_identity_candidates,no_identity_candidates
GEHI,conflicting_isin,,unresolved,no_identity_candidates,no_identity_candidates
GLHAU,strong_isin,,unresolved,no_identity_candidates,no_identity_candidates
GLYT,ticker_only,,unresolved,no_identity_candidates,no_identity_candidates
GOV,conflicting_isin,,unresolved,no_identity_candidates,no_identity_candidates
GRLFD,strong_isin,,unresolved,no_identity_candidates,no_identity_candidates
GRNAW,conflicting_isin,,unresolved,no_identity_candidates,no_identity_candidates
HCCO,conflicting_isin,,unresolved,no_identity_candidates,no_identity_candidates
HHT,conflicting_isin,,unresolved,no_identity_candidates,no_identity_candidates
HKFI,ticker_only,,unresolved,no_identity_candidates,no_identity_candidates
HLAH,strong_isin,,unresolved,no_identity_candidates,no_identity_candidates
HQCL,strong_isin,,unresolved,no_identity_candidates,no_identity_candidates
HUN1,ticker_only,,unresolved,no_identity_candidates,no_identity_candidates
HYZN,conflicting_isin,,unresolved,no_identity_candidates,no_identity_candidates
IAAI,ticker_only,,unresolved,no_identity_candidates,no_identity_candidates
IBKCN,ticker_only,,unresolved,no_identity_candidates,no_identity_candidates
IGLC,ticker_only,,unresolved,no_identity_candidates,no_identity_candidates
IKOS,ticker_only,,unresolved,no_identity_candidates,no_identity_candidates
ILAS,ticker_only,,unresolved,no_identity_candidates,no_identity_candidates
IMI,strong_isin,,unresolved,no_identity_candidates,no_identity_candidates
INXN,strong_isin,,unresolved,no_identity_candidates,no_identity_candidates
IRATA,ticker_only,,unresolved,no_identity_candidates,no_identity_candidates
ISO,conflicting_isin,,unresolved,no_identity_candidates,no_identity_candidates
ITACU,strong_isin,,unresolved,no_identity_candidates,no_identity_candidates
ITQRU,strong_isin,,unresolved,no_identity_candidates,no_identity_candidates
IWA,ticker_only,,unresolved,no_identity_candidates,no_identity_candidates
JFC,strong_isin,,unresolved,no_identity_candidates,no_identity_candidates
JMAC,strong_isin,,unresolved,no_identity_candidates,no_identity_candidates
JMU,conflicting_isin,,unresolved,no_identity_candidates,no_identity_candidates
JW-B,conflicting_isin,,unresolved,no_identity_candidates,no_identity_candidates
JWS,strong_isin,,unresolved,no_identity_candidates,no_identity_candidates
KIDEQ,ticker_only,,unresolved,no_identity_candidates,no_identity_candidates
KIND,conflicting_isin,,unresolved,no_identity_candidates,no_identity_candidates
KLTO,conflicting_isin,,unresolved,no_identity_candidates,no_identity_candidates
KMAGQ,ticker_only,,unresolved,no_identity_candidates,no_identity_candidates
KRSC,ticker_only,,unresolved,no_identity_candidates,no_identity_candidates
KSICW,ticker_only,,unresolved,no_identity_candidates,no_identity_candidates
KTIE,ticker_only,,unresolved,no_identity_candidates,no_identity_candidates
KVSB,conflicting_isin,,unresolved,no_identity_candidates,no_identity_candidates
LBC,strong_isin,,unresolved,no_identity_candidates,no_identity_candidates
LDL,strong_isin,,unresolved,no_identity_candidates,no_identity_candidates
LEJU,strong_isin,,unresolved,no_identity_candidates,no_identity_candidates
LEVB,strong_isin,,unresolved,no_identity_candidates,no_identity_candidates
LIXTW,strong_isin,,unresolved,no_identity_candidates,no_identity_candidates
LNCB,ticker_only,,unresolved,no_identity_candidates,no_identity_candidates
LNCC,ticker_only,,unresolved,no_identity_candidates,no_identity_candidates
LRFC,conflicting_isin,,unresolved,no_identity_candidates,no_identity_candidates
LTRY,conflicting_isin,,unresolved,no_identity_candidates,no_identity_candidates
LVRAW,ticker_only,,unresolved,no_identity_candidates,no_identity_candidates
MACC,conflicting_isin,,unresolved,no_identity_candidates,no_identity_candidates
MCDY,ticker_only,,unresolved,no_identity_candidates,no_identity_candidates
MCG,conflicting_isin,,unresolved,no_identity_candidates,no_identity_candidates
MCMJ,conflicting_isin,,unresolved,no_identity_candidates,no_identity_candidates
METCV,strong_isin,,unresolved,no_identity_candidates,no_identity_candidates
MFH,conflicting_isin,,unresolved,no_identity_candidates,no_identity_candidates
MFLO,ticker_only,,unresolved,no_identity_candidates,no_identity_candidates
MHG,ticker_only,,unresolved,no_identity_candidates,no_identity_candidates
MHX,ticker_only,,unresolved,no_identity_candidates,no_identity_candidates
MKFG,conflicting_isin,,unresolved,no_identity_candidates,no_identity_candidates
MKGI,conflicting_isin,,unresolved,no_identity_candidates,no_identity_candidates
MMV,strong_isin,,unresolved,no_identity_candidates,no_identity_candidates
MRKF,ticker_only,,unresolved,no_identity_candidates,no_identity_candidates
MRXLY,ticker_only,,unresolved,no_identity_candidates,no_identity_candidates
MTBC,conflicting_isin,,unresolved,no_identity_candidates,no_identity_candidates
MTP,strong_isin,,unresolved,no_identity_candidates,no_identity_candidates
NCS,strong_isin,,unresolved,no_identity_candidates,no_identity_candidates
NGD,strong_isin,,unresolved,no_identity_candidates,no_identity_candidates
NOVSU,strong_isin,,unresolved,no_identity_candidates,no_identity_candidates
NRCG,ticker_only,,unresolved,no_identity_candidates,no_identity_candidates
NSPK,ticker_only,,unresolved,no_identity_candidates,no_identity_candidates
NSTB,strong_isin,,unresolved,no_identity_candidates,no_identity_candidates
NVET,ticker_only,,unresolved,no_identity_candidates,no_identity_candidates
NYRT,strong_isin,,unresolved,no_identity_candidates,no_identity_candidates
OAS,strong_isin,,unresolved,no_identity_candidates,no_identity_candidates
OCCIP,strong_isin,,unresolved,no_identity_candidates,no_identity_candidates
OPI,conflicting_isin,,unresolved,no_identity_candidates,no_identity_candidates
OPTN,strong_isin,,unresolved,no_identity_candidates,no_identity_candidates
OROA,ticker_only,,unresolved,no_identity_candidates,no_identity_candidates
OSMT,conflicting_isin,,unresolved,no_identity_candidates,no_identity_candidates
PARAA,conflicting_isin,,unresolved,no_identity_candidates,no_identity_candidates
PBBK,strong_isin,,unresolved,no_identity_candidates,no_identity_candidates
PBG,ticker_only,,unresolved,no_identity_candidates,no_identity_candidates
PCSS,ticker_only,,unresolved,no_identity_candidates,no_identity_candidates
PHAS,conflicting_isin,,unresolved,no_identity_candidates,no_identity_candidates
PKTR,ticker_only,,unresolved,no_identity_candidates,no_identity_candidates
PLMJ,strong_isin,,unresolved,no_identity_candidates,no_identity_candidates
PMB,ticker_only,,unresolved,no_identity_candidates,no_identity_candidates
PNG,ticker_only,,unresolved,no_identity_candidates,no_identity_candidates
POND,strong_isin,,unresolved,no_identity_candidates,no_identity_candidates
PRLH,strong_isin,,unresolved,no_identity_candidates,no_identity_candidates
PRTH1,ticker_only,,unresolved,no_identity_candidates,no_identity_candidates
PSDO,strong_isin,,unresolved,no_identity_candidates,no_identity_candidates
PSTG,strong_isin,,unresolved,no_identity_candidates,no_identity_candidates
PSXP,strong_isin,,unresolved,no_identity_candidates,no_identity_candidates
PTICW,ticker_only,,unresolved,no_identity_candidates,no_identity_candidates
PWJ,ticker_only,,unresolved,no_identity_candidates,no_identity_candidates
RACA,conflicting_isin,,unresolved,no_identity_candidates,no_identity_candidates
RCB,strong_isin,,unresolved,no_identity_candidates,no_identity_candidates
RELIW,strong_isin,,unresolved,no_identity_candidates,no_identity_candidates
ROSG,strong_isin,,unresolved,no_identity_candidates,no_identity_candidates
RPCLF,ticker_only,,unresolved,no_identity_candidates,no_identity_candidates
RTK,ticker_only,,unresolved,no_identity_candidates,no_identity_candidates
RTN,strong_isin,,unresolved,no_identity_candidates,no_identity_candidates
SAFM,strong_isin,,unresolved,no_identity_candidates,no_identity_candidates
SAFT1,ticker_only,,unresolved,no_identity_candidates,no_identity_candidates
SBEA,strong_isin,,unresolved,no_identity_candidates,no_identity_candidates
SCAQW,strong_isin,,unresolved,no_identity_candidates,no_identity_candidates
SCLD,ticker_only,,unresolved,no_identity_candidates,no_identity_candidates
SCLEU,strong_isin,,unresolved,no_identity_candidates,no_identity_candidates
SCMA,strong_isin,,unresolved,no_identity_candidates,no_identity_candidates
SEH,ticker_only,,unresolved,no_identity_candidates,no_identity_candidates
SGDE,ticker_only,,unresolved,no_identity_candidates,no_identity_candidates
SGFY,strong_isin,,unresolved,no_identity_candidates,no_identity_candidates
SGHL,conflicting_isin,,unresolved,no_identity_candidates,no_identity_candidates
SGMS,conflicting_isin,,unresolved,no_identity_candidates,no_identity_candidates
SHACU,strong_isin,,unresolved,no_identity_candidates,no_identity_candidates
SHG1,ticker_only,,unresolved,no_identity_candidates,no_identity_candidates
SHYF,conflicting_isin,,unresolved,no_identity_candidates,no_identity_candidates
SIR,strong_isin,,unresolved,no_identity_candidates,no_identity_candidates
SIVB,conflicting_isin,,unresolved,no_identity_candidates,no_identity_candidates
SLAM,conflicting_isin,,unresolved,no_identity_candidates,no_identity_candidates
SMACR,ticker_only,,unresolved,no_identity_candidates,no_identity_candidates
SMFR,conflicting_isin,,unresolved,no_identity_candidates,no_identity_candidates
SMMF,strong_isin,,unresolved,no_identity_candidates,no_identity_candidates
SNKTY,ticker_only,,unresolved,no_identity_candidates,no_identity_candidates
SPAR,conflicting_isin,,unresolved,no_identity_candidates,no_identity_candidates
SPFR,conflicting_isin,,unresolved,no_identity_candidates,no_identity_candidates
SPHA,conflicting_isin,,unresolved,no_identity_candidates,no_identity_candidates
SREV,strong_isin,,unresolved,no_identity_candidates,no_identity_candidates
SSNC1,ticker_only,,unresolved,no_identity_candidates,no_identity_candidates
SSNI,ticker_only,,unresolved,no_identity_candidates,no_identity_candidates
STZ-B,strong_isin,,unresolved,no_identity_candidates,no_identity_candidates
SUNL,conflicting_isin,,unresolved,no_identity_candidates,no_identity_candidates
SVFAU,strong_isin,,unresolved,no_identity_candidates,no_identity_candidates
SVGI,ticker_only,,unresolved,no_identity_candidates,no_identity_candidates
SVT,strong_isin,,unresolved,no_identity_candidates,no_identity_candidates
SWAY,ticker_only,,unresolved,no_identity_candidates,no_identity_candidates
SWRA,ticker_only,,unresolved,no_identity_candidates,no_identity_candidates
SYMM,ticker_only,,unresolved,no_identity_candidates,no_identity_candidates
SYUT,ticker_only,,unresolved,no_identity_candidates,no_identity_candidates
TCGIA,ticker_only,,unresolved,no_identity_candidates,no_identity_candidates
THCA,strong_isin,,unresolved,no_identity_candidates,no_identity_candidates
THOR1,ticker_only,,unresolved,no_identity_candidates,no_identity_candidates
TLCT,ticker_only,,unresolved,no_identity_candidates,no_identity_candidates
TTPH,strong_isin,,unresolved,no_identity_candidates,no_identity_candidates
TWCTW,conflicting_isin,,unresolved,no_identity_candidates,no_identity_candidates
TWFC,ticker_only,,unresolved,no_identity_candidates,no_identity_candidates
TWNK,strong_isin,,unresolved,no_identity_candidates,no_identity_candidates
TXM,ticker_only,,unresolved,no_identity_candidates,no_identity_candidates
TYDEV,conflicting_isin,,unresolved,no_identity_candidates,no_identity_candidates
TZPS,strong_isin,,unresolved,no_identity_candidates,no_identity_candidates
UBFO,strong_isin,,unresolved,no_identity_candidates,no_identity_candidates
UDG,ticker_only,,unresolved,no_identity_candidates,no_identity_candidates
VACQ,strong_isin,,unresolved,no_identity_candidates,no_identity_candidates
VBTX,strong_isin,,unresolved,no_identity_candidates,no_identity_candidates
VENT,ticker_only,,unresolved,no_identity_candidates,no_identity_candidates
VGII,strong_isin,,unresolved,no_identity_candidates,no_identity_candidates
VII,conflicting_isin,,unresolved,no_identity_candidates,no_identity_candidates
VIIAU,strong_isin,,unresolved,no_identity_candidates,no_identity_candidates
VISI,conflicting_isin,,unresolved,no_identity_candidates,no_identity_candidates
VLNS,strong_isin,,unresolved,no_identity_candidates,no_identity_candidates
VMCAW,strong_isin,,unresolved,no_identity_candidates,no_identity_candidates
VORBW,ticker_only,,unresolved,no_identity_candidates,no_identity_candidates
VRBA,ticker_only,,unresolved,no_identity_candidates,no_identity_candidates
VRNA,strong_isin,,unresolved,no_identity_candidates,no_identity_candidates
VVNT,strong_isin,,unresolved,no_identity_candidates,no_identity_candidates
VYGG,strong_isin,,unresolved,no_identity_candidates,no_identity_candidates
WCSTF,ticker_only,,unresolved,no_identity_candidates,no_identity_candidates
WIC,ticker_only,,unresolved,no_identity_candidates,no_identity_candidates
WLL,conflicting_isin,,unresolved,no_identity_candidates,no_identity_candidates
WNG1,ticker_only,,unresolved,no_identity_candidates,no_identity_candidates
WUBA,strong_isin,,unresolved,no_identity_candidates,no_identity_candidates
XBIOW,ticker_only,,unresolved,no_identity_candidates,no_identity_candidates
XBKS,ticker_only,,unresolved,no_identity_candidates,no_identity_candidates
YGMZ,strong_isin,,unresolved,no_identity_candidates,no_identity_candidates
ZLSSF,conflicting_isin,,unresolved,no_identity_candidates,no_identity_candidates
ZNH,strong_isin,,unresolved,no_identity_candidates,no_identity_candidates
ZYXI,conflicting_isin,,unresolved,no_identity_candidates,no_identity_candidates
