scope,horizon,specification,sample_count,coverage,balanced_accuracy,macro_f1,down_precision,down_recall,mean_return_predicted_down,mean_return_predicted_neutral,mean_return_predicted_up,return_mae,rank_ic,sample_mode,accuracy,up_precision,up_recall,fold_win_rate_vs_ridge_current
all,5,logistic_decay_market,371135,1.0,0.38032999739771683,0.3739899139147412,0.4082497054402145,0.2786574966375019,0.00893113381152836,0.0023564427533144,0.0041295938313455766,,,overlapping,0.408277311490428,0.44699105756721336,0.5689950256107171,1.0
all,5,majority_baseline,371135,1.0,0.3333333333333333,0.20295108205717372,0.0,0.0,,,0.0050883883068584,,,overlapping,0.4376628450563811,0.4376628450563811,1.0,0.0
all,5,ridge_current,371135,1.0,0.3541132914972256,0.32670378693148083,0.37520862557979995,0.2540523301765138,0.004365180574746466,0.002847668471440459,0.008289959183398152,0.061988714139239745,0.01599208927566365,overlapping,0.33360636964985785,0.46295780143820725,0.3579036150512214,
all,5,ridge_decay_market,371135,1.0,0.35214052746145347,0.3307654525428619,0.3762767160361095,0.28146535587015903,0.005469559412682218,0.002849066659473754,0.007148070959514734,0.06500918702052957,0.00537305237670551,overlapping,0.338836272515392,0.4575317120592063,0.35928881008668245,0.0
all,5,ridge_decay_only,371135,1.0,0.35130477993208425,0.33078819257763015,0.3742967323670778,0.27858816677990544,0.00499321165538701,0.002999637128802185,0.007320810631268927,0.06492375736445273,0.007010288829253947,overlapping,0.3396284370916243,0.45812318567171534,0.3662825059101655,0.0
all,5,ridge_decay_volume,371135,1.0,0.3523829294966831,0.33097872426759456,0.3765446404568335,0.28161094857111163,0.005442179340827582,0.0028372551574817433,0.007184360723642778,0.06501432122373897,0.0054274741319589636,overlapping,0.33904913306478773,0.45781262250098,0.35949812844759654,0.25
all,5,logistic_decay_market,74433,1.0,0.38261410454330624,0.37623493790610985,0.41518627550502485,0.28226363008971705,0.00893872882532015,0.002247720898275772,0.00436596194824784,,,non_overlapping,0.4118872005696398,0.45075265714423124,0.5745065587838666,1.0
all,5,majority_baseline,74433,1.0,0.3333333333333333,0.2031738915197878,0.0,0.0,,,0.005202262707456737,,,non_overlapping,0.4383539559066543,0.4383539559066543,1.0,0.0
all,5,ridge_current,74433,1.0,0.3560148538950674,0.328057861540521,0.37867402750089457,0.25562456866804695,0.004809186404628331,0.002676315837279916,0.008443651003013577,0.06253933431331868,0.014117287575536552,non_overlapping,0.3351470449934841,0.4624088310664301,0.35947652323158025,
all,5,ridge_decay_market,74433,1.0,0.3526660838708668,0.33107126946403836,0.3784867905389829,0.28326432022084197,0.005781087272278633,0.0027879603455473194,0.0072686316622046785,0.06553826356779191,0.003285969508090027,non_overlapping,0.33932529926242394,0.4574127566554766,0.359139389481427,0.0
all,5,ridge_decay_only,74433,1.0,0.3514832150138491,0.33127765949817806,0.3778423504450902,0.2826777087646653,0.005190513969418702,0.0028270933389592115,0.00765332763266199,0.06537544338072308,0.007383597254074093,non_overlapping,0.34045383096207327,0.4592527100791881,0.3661579011891627,0.25
all,5,ridge_decay_volume,74433,1.0,0.35234310535726204,0.3308438827376217,0.37872772597174775,0.28309178743961355,0.0057985201927797814,0.0027180054233496343,0.0073342552375189295,0.06551608402154528,0.004069319167567779,non_overlapping,0.3391372106458157,0.4577946173977579,0.3592006865269094,0.0
all,20,logistic_decay_market,367535,1.0,0.351622208895839,0.35259642852695244,0.3651707097210373,0.32986295394234616,0.035050189811056974,0.0078100784059664695,0.019736887552222502,,,overlapping,0.4138653461575088,0.4658303858252307,0.5665857736699101,0.75
all,20,majority_baseline,367535,1.0,0.3333333333333333,0.21273397693006457,0.0,0.0,,,0.02381706949788525,,,overlapping,0.46864652346035074,0.46864652346035074,1.0,0.25
all,20,ridge_current,367535,1.0,0.344449473073375,0.3285317925530611,0.34386493640392185,0.25217928677887236,0.01956936962329411,0.014467494965274587,0.03346463191520125,0.1410386651152626,0.02066960356310473,overlapping,0.35318541091324634,0.489196657888748,0.43679895961542925,
all,20,ridge_decay_market,367535,1.0,0.34353265714695064,0.3318710291737025,0.35,0.2825548002471918,0.023673553646107157,0.014483625443134548,0.03023019331253629,0.14994157966135582,0.007244946204857928,overlapping,0.35694287618866233,0.4829068764538303,0.4290773553795778,0.5
all,20,ridge_decay_only,367535,1.0,0.34337889101378144,0.3320235447544895,0.34814565500177386,0.2782507542985932,0.021825840702315018,0.01468683786840255,0.031246784027794305,0.14926032754061902,0.00962939051699936,overlapping,0.35835226577060686,0.4846599290163417,0.4368337939202527,0.25
all,20,ridge_decay_volume,367535,1.0,0.34353711879871773,0.33173161925731615,0.3501444163509902,0.28291831764149916,0.023512341255225576,0.014764208774878012,0.030209072731396832,0.15008575556870193,0.006518504192251549,overlapping,0.3565048226699498,0.48281719330001704,0.42741111446552565,0.5
all,20,logistic_decay_market,18811,1.0,0.3502181202465518,0.3497108313220189,0.3532697995399277,0.30975363780435095,0.03431547861552418,0.006517838803679684,0.022248298047685463,,,non_overlapping,0.41337515283610654,0.46576829157999455,0.5876982768458291,0.75
all,20,majority_baseline,18811,1.0,0.3333333333333333,0.2118662508159861,0.0,0.0,,,0.02475759871840285,,,non_overlapping,0.4658444527138377,0.4658444527138377,1.0,0.25
all,20,ridge_current,18811,1.0,0.34125307046140735,0.3284441751312052,0.34599074787972245,0.2586082697017721,0.018496982645336887,0.023191031460849703,0.029910310104634064,0.14085113348207656,0.004898128599729906,non_overlapping,0.3521875498378608,0.47440699126092384,0.4336414469930389,
all,20,ridge_decay_market,18811,1.0,0.3354966957305276,0.32587699263386294,0.3429804062556175,0.27488834461893097,0.02667897296475156,0.01998704073359936,0.026540359996077678,0.15083960355079348,-0.014393770136953206,non_overlapping,0.35011429482749457,0.4649943841257956,0.4251968503937008,0.25
all,20,ridge_decay_only,18811,1.0,0.3416960910154648,0.3316594350850772,0.3452338450553374,0.27863420256447197,0.024136044777105462,0.022127322857079492,0.026855246052053916,0.15001847416474104,-0.011661077050448736,non_overlapping,0.3558024560097815,0.4675324675324675,0.43135912358781237,0.5
all,20,ridge_decay_volume,18811,1.0,0.33708547048977894,0.32692328421283506,0.34434217650243637,0.27488834461893097,0.02694544195049234,0.02046819797176789,0.02607629869270405,0.1508416974495174,-0.014913390784044505,non_overlapping,0.35059273829142523,0.46532298447671505,0.42416980486134886,0.5
semiconductor,5,logistic_decay_market,81316,1.0,0.35675217307148904,0.35782550029526056,0.4048026293725056,0.36771874238362173,0.007668154600787597,0.006997834525310348,0.006655090459942646,,,overlapping,0.4187244822667126,0.45701470221779217,0.5477748513399766,0.25
semiconductor,5,majority_baseline,81316,1.0,0.3333333333333333,0.207818076657215,0.0,0.0,,,0.007057566711017695,,,overlapping,0.4529120960204634,0.4529120960204634,1.0,0.0
semiconductor,5,ridge_current,81316,1.0,0.3558182334122353,0.19743219440685822,0.3449519230769231,0.008743602242261759,0.004351561539825474,0.006016115697325192,0.0106921378458806,0.05738136693057745,-0.0031665652861035958,overlapping,0.22850361552462,0.4727549301896018,0.23628119145238807,
semiconductor,5,ridge_decay_market,81316,1.0,0.3555217378701907,0.21683722042905826,0.40477077897875513,0.03308554716061418,0.001610914042156142,0.0060947633224866914,0.010643131131979792,0.05751252514817187,0.00040062394603863585,overlapping,0.24056766196074572,0.473310504582536,0.2552064948817508,0.5
semiconductor,5,ridge_decay_only,81316,1.0,0.3574438147799697,0.20390662113786048,0.35989196488858877,0.016238118449914695,0.004742643893144139,0.005965252580953803,0.010792849218160663,0.05746519962620959,-0.0045546506747750565,overlapping,0.23259875055339663,0.4726749760306807,0.24095142414944745,0.5
semiconductor,5,ridge_decay_volume,81316,1.0,0.35618899876822535,0.20908957789231838,0.3757700205338809,0.022300755544723373,0.004821831265834034,0.005756180879797534,0.011359991765293894,0.057501319264167,-0.00169122969192872,overlapping,0.23579615327856757,0.4753500963090218,0.24792962067935595,0.5
semiconductor,5,logistic_decay_market,16308,1.0,0.36018281202450825,0.36179099728626146,0.4048772340070152,0.36838905775075986,0.0073600144307634585,0.006843993879925331,0.007160858280517306,,,non_overlapping,0.42200147167034585,0.4613733905579399,0.5506875168509032,0.25
semiconductor,5,majority_baseline,16308,1.0,0.3333333333333333,0.20843519064879598,0.0,0.0,,,0.007205468765914369,,,non_overlapping,0.45486877606082904,0.45486877606082904,1.0,0.0
semiconductor,5,ridge_current,16308,1.0,0.35522701721396094,0.1960358634679349,0.34545454545454546,0.008662613981762919,0.004561827786657139,0.006123735426340373,0.01093907630939672,0.05773653413127245,-0.006815697009609813,non_overlapping,0.226943831248467,0.46973365617433416,0.2353734160150984,
semiconductor,5,ridge_decay_market,16308,1.0,0.35142556809691955,0.21394412594632797,0.420863309352518,0.03556231003039514,0.0013738238474088407,0.006452789723030007,0.010248313820114855,0.05781445320050016,-0.0020504136729726737,non_overlapping,0.23650968849644347,0.4635495223730518,0.2485845241304934,0.5
semiconductor,5,ridge_decay_only,16308,1.0,0.3550854934255289,0.20160636759888742,0.386986301369863,0.01717325227963526,0.005210133410247659,0.0062052678666618755,0.01060427569026617,0.05780551044553902,-0.00927127878704041,non_overlapping,0.22970321314692177,0.4663487016428193,0.23726071717444056,0.5
semiconductor,5,ridge_decay_volume,16308,1.0,0.3523537902004885,0.2062397034887206,0.39641943734015345,0.023556231003039513,0.0029235626987528813,0.005877083234268155,0.011777817079490013,0.057828707227957146,-0.004582280892097541,non_overlapping,0.23215599705665932,0.4670287044220326,0.24346184955513617,0.5
semiconductor,20,logistic_decay_market,80536,1.0,0.3374363021087948,0.33289982644062605,0.36949473941766575,0.39318492481937123,0.02814749113892429,0.03309273692955078,0.038393548223292585,,,overlapping,0.43014304162113837,0.49184892441729916,0.5560661064710213,0.25
semiconductor,20,majority_baseline,80536,1.0,0.3333333333333333,0.2189720969145119,0.0,0.0,,,0.034016256520605394,,,overlapping,0.48911045991854574,0.48911045991854574,1.0,0.0
semiconductor,20,ridge_current,80536,1.0,0.3509239165726285,0.26790943229656916,0.305874840357599,0.04676820933411443,0.026070081199318387,0.025624236168441734,0.04276315484789822,0.12631105996630138,0.01559110376747602,overlapping,0.3262391973775703,0.4964896214896215,0.4954938945444391,
semiconductor,20,ridge_decay_market,80536,1.0,0.34583250145899513,0.2705933926811756,0.298731053930208,0.05516500683460262,0.026925845081181413,0.0257652136251066,0.042284674487087726,0.126866357015369,0.014466719264789436,overlapping,0.32818863613787624,0.49504105255228864,0.5005204234469802,0.25
semiconductor,20,ridge_decay_only,80536,1.0,0.3500971274370244,0.268751337154647,0.30324543610547666,0.04865586148538697,0.027908345843404462,0.024954174391313592,0.04311904083548863,0.1264251169031356,0.015395493948060076,overlapping,0.3268600377470945,0.4969778545306786,0.4967886065344876,0.25
semiconductor,20,ridge_decay_volume,80536,1.0,0.3478435238161577,0.2732248899556058,0.31164200392226776,0.05688993035214476,0.024528591908017497,0.025517771033472917,0.042697750439537864,0.12659393407989888,0.018646082561437356,overlapping,0.33185159431806893,0.49758478163438075,0.5073240080221371,0.5
semiconductor,20,logistic_decay_market,4123,1.0,0.33403916647332393,0.3277919688490411,0.36229205175600737,0.3757188498402556,0.025503872767100203,0.029431876094375194,0.039318292796187766,,,non_overlapping,0.42008246422507883,0.47920277296360486,0.5619918699186992,0.5
semiconductor,20,majority_baseline,4123,1.0,0.3333333333333333,0.2153997701526843,0.0,0.0,,,0.03341991886605021,,,non_overlapping,0.4773223381033228,0.4773223381033228,1.0,0.25
semiconductor,20,ridge_current,4123,1.0,0.3473301914951786,0.271440132398271,0.3218390804597701,0.0536741214057508,0.02052096299785114,0.0247959862940823,0.04309551477439171,0.12111834807271511,0.0008031991240022835,non_overlapping,0.3233082706766917,0.4745508982035928,0.48323170731707316,
semiconductor,20,ridge_decay_market,4123,1.0,0.33881288537393955,0.27092265516505787,0.3076923076923077,0.06134185303514377,0.022220490423509896,0.02679265883380243,0.04108938168659651,0.121457258956709,0.006117169929200608,non_overlapping,0.3211253941304875,0.47190452511188463,0.48221544715447157,0.5
semiconductor,20,ridge_decay_only,4123,1.0,0.34715267569500297,0.2724727847931276,0.3308550185873606,0.05686900958466454,0.016585670840109305,0.02538575533307697,0.04313179482060547,0.12126184687797593,0.0018601888127239184,non_overlapping,0.3233082706766917,0.4735,0.4811991869918699,0.5
semiconductor,20,ridge_decay_volume,4123,1.0,0.34009084064550504,0.2730783699157873,0.3227848101265823,0.06517571884984026,0.021549389961011325,0.026999400448097035,0.04099146037422114,0.12118726033176311,0.00714567743898262,non_overlapping,0.3225806451612903,0.47096774193548385,0.48221544715447157,0.5
software,5,logistic_decay_market,147123,1.0,0.3717768039392169,0.3630949443658888,0.4240205053094105,0.2576151687316038,0.007661301366083232,0.0024812648388087277,0.003840799698145367,,,overlapping,0.4162639424155299,0.4449095121524742,0.6329348113368884,1.0
software,5,majority_baseline,147123,1.0,0.3333333333333333,0.20279916510596974,0.0,0.0,,,0.004576856381915969,,,overlapping,0.43719200940709474,0.43719200940709474,1.0,0.25
software,5,ridge_current,147123,1.0,0.3429839941722565,0.34108103607923734,0.3832780715117842,0.3659559175850503,0.004324464872417661,0.0017896092634858913,0.00617822406294417,0.08510472844853308,0.006237400265020203,overlapping,0.3714578957742841,0.44999346533359474,0.4282427201069635,
software,5,ridge_decay_market,147123,1.0,0.3406100530593268,0.3401098895935284,0.3872484110169492,0.40036963515641044,0.004924972226373465,0.002055321280604107,0.005329875546420721,0.09477543049376291,-0.00506614865145228,overlapping,0.37487000672906345,0.4432015908525976,0.4158051025326099,0.25
software,5,ridge_decay_only,147123,1.0,0.3396370096320003,0.3392629019399873,0.3825791062701206,0.39249777534396607,0.004916364007882256,0.001976309388954686,0.005353468766131333,0.0949606434009995,-0.005606227849371327,overlapping,0.3741427241151961,0.44385341822288416,0.4216196887486202,0.0
software,5,ridge_decay_volume,147123,1.0,0.34008554206313707,0.3395487112347033,0.386255651459104,0.4020466835512355,0.005034135990407945,0.00193915388867696,0.005274731105140225,0.09525767548522159,-0.005823232171208687,overlapping,0.37408155081122596,0.4428418803418803,0.41243139876556645,0.0
software,5,logistic_decay_market,29510,1.0,0.375294707411826,0.36664926384624247,0.4296853244221665,0.26272773710199215,0.006473240190339564,0.001880617648886579,0.004618097506816572,,,non_overlapping,0.4217214503558116,0.4515372873964239,0.6400587280735647,1.0
software,5,majority_baseline,29510,1.0,0.3333333333333333,0.20323039111760224,0.0,0.0,,,0.004700019397669469,,,non_overlapping,0.43852931209759405,0.43852931209759405,1.0,0.25
software,5,ridge_current,29510,1.0,0.33948302952680515,0.3373062772905054,0.3787046212052968,0.3579090754299336,0.005255178309846772,0.001422273087250258,0.005791403147284698,0.08601091845413421,-0.0002740542465253537,non_overlapping,0.3675025415113521,0.4441935483870968,0.4256239857816243,
software,5,ridge_decay_market,29510,1.0,0.33877314888066773,0.33824946214354296,0.3854080791426216,0.3980078324536012,0.005494567208162893,0.0011861397384224594,0.005417248946749856,0.0955324120245181,-0.008633180409115782,non_overlapping,0.37350050830227044,0.4412635735439289,0.4144965613167452,0.25
software,5,ridge_decay_only,29510,1.0,0.33940053384658464,0.3391085046326227,0.3842776673293572,0.39494295930529544,0.0050830919228002265,0.0020837265816652227,0.005405591968320835,0.09527801583536435,-0.005218175863252375,non_overlapping,0.37553371738393765,0.4439312915248744,0.42338304613244726,0.25
software,5,ridge_decay_volume,29510,1.0,0.33835359273195126,0.33783326524434965,0.3860369609856263,0.40013621658436915,0.005359551132030702,0.0009492994133358138,0.005658739299508521,0.09568171957963223,-0.005871303284779309,non_overlapping,0.37343273466621485,0.4418643087348153,0.41318290703964144,0.25
software,20,logistic_decay_market,145638,1.0,0.3403305797231906,0.32902448752893415,0.3864988175716026,0.2838048797600463,0.04206977486367986,0.010122052599612878,0.012955813180750472,,,overlapping,0.42409261319161207,0.4527802477305155,0.6547846889952154,0.75
software,20,majority_baseline,145638,1.0,0.3333333333333333,0.20980183639346628,0.0,0.0,,,0.021187180883626,,,overlapping,0.4592208077562175,0.4592208077562175,1.0,0.25
software,20,ridge_current,145638,1.0,0.33610162073023675,0.3359154401216582,0.3744347039588117,0.3775937976881654,0.02178548111934225,0.013414458944751687,0.023405045739442947,0.20149351635866142,0.0034047919273202053,overlapping,0.38281217814032054,0.46658478544561294,0.45441088516746414,
software,20,ridge_decay_market,145638,1.0,0.33982427300027124,0.3398382944614656,0.38489434746869106,0.4188665345284243,0.022187971270396057,0.012893289332236093,0.02281354559525355,0.22838968587500078,0.0015684707156154707,overlapping,0.391271508809514,0.46675362637708034,0.4440789473684211,0.75
software,20,ridge_decay_only,145638,1.0,0.3383376518016253,0.3384870274854828,0.38092821478267985,0.40814930452018033,0.02118101855595373,0.012781191410039522,0.02378578827090545,0.22682830656635597,0.0017673416824735273,overlapping,0.3902346914953515,0.46703084136735734,0.451255980861244,0.5
software,20,ridge_decay_volume,145638,1.0,0.3388435450021052,0.3387792118125723,0.382947351550605,0.41911210117345776,0.02280147925629825,0.011875763646764383,0.02261542281937937,0.22930363604233236,-0.0018942933233057607,overlapping,0.3888064928109422,0.4658088352390356,0.4373504784688995,0.75
software,20,logistic_decay_market,7455,1.0,0.3256577149833149,0.30953533254094884,0.3513774770420493,0.2578014184397163,0.05181565692489711,0.00807087262135402,0.013826780855197071,,,non_overlapping,0.41059691482226696,0.44757185332011895,0.6552524666279744,0.75
software,20,majority_baseline,7455,1.0,0.3333333333333333,0.2107451915726386,0.0,0.0,,,0.024106622556131867,,,non_overlapping,0.46224010731052984,0.46224010731052984,1.0,0.5
software,20,ridge_current,7455,1.0,0.32986896295336277,0.3299390674465776,0.3645543175487465,0.37127659574468086,0.026244935045688103,0.01288047288526413,0.025979117138395475,0.20043690694819682,-0.0034768948017549588,non_overlapping,0.37813547954393023,0.457646718704828,0.45937318630296,
software,20,ridge_decay_market,7455,1.0,0.33675126673381284,0.3367080794313446,0.3746360401164672,0.4106382978723404,0.028845125066244807,0.017866592343217972,0.02160983463661391,0.22895374605218274,-0.011076723097321474,non_overlapping,0.3856472166331321,0.45597858417608567,0.4448636099825885,0.75
software,20,ridge_decay_only,7455,1.0,0.3309034522665026,0.33073433159461446,0.3700761337305528,0.3964539007092199,0.027949241924083424,0.01900273898499092,0.022212426417680873,0.22786118372601957,-0.013455157299515732,non_overlapping,0.3822937625754527,0.4548631333721607,0.4532791642484039,0.25
software,20,ridge_decay_volume,7455,1.0,0.3317126376002291,0.3315525221251134,0.3687600644122383,0.40602836879432624,0.03049781768102403,0.015259331653393394,0.02091327601618447,0.22930688566395632,-0.019407864065256554,non_overlapping,0.37853789403085175,0.45222929936305734,0.4326755658734765,0.5
other,5,logistic_decay_market,142696,1.0,0.37983559388337257,0.3700639386127862,0.3875239871347874,0.27064064328589227,0.00941720836114204,0.002192253359188207,0.0030805935906587276,,,overlapping,0.386619106351965,0.43750090894547783,0.4908945530498352,1.0
other,5,majority_baseline,142696,1.0,0.3333333333333333,0.20028957371219772,0.0,0.0,,,0.004493644237512998,,,overlapping,0.42945842910803383,0.42945842910803383,1.0,0.0
other,5,ridge_current,142696,1.0,0.3571805916278377,0.19238417484508955,0.3828996282527881,0.019442032541809807,0.012991340631352353,0.003846204067846227,0.008025666740941849,0.04353733753288569,-0.011017075022417272,overlapping,0.24490525312552558,0.4600776866637894,0.12176495545184557,
other,5,ridge_decay_market,142696,1.0,0.3611644618136664,0.21272367981310525,0.3798043326345213,0.041035901695043224,0.013779944542959862,0.0036086027566444284,0.00724585195617164,0.04370584296721692,-0.013754893909469938,overlapping,0.25514380220889166,0.45765428800427466,0.13976371528344375,1.0
other,5,ridge_decay_only,142696,1.0,0.35936232886975156,0.20515819006759442,0.3614895549500454,0.030050209520933218,0.019377292822302154,0.0035011296197743694,0.00738276018970502,0.0436648775464511,-0.01590582148119756,overlapping,0.2515347311767674,0.4543683013965573,0.136973336379361,1.0
other,5,ridge_decay_volume,142696,1.0,0.36036698477345636,0.20868830820178,0.3705115346038114,0.03486352825701235,0.014217569595617879,0.0033568649578096365,0.00921957752573177,0.043665808794335514,-0.011512279414786468,overlapping,0.25329371531087064,0.4601280243029185,0.13840932084461996,0.75
other,5,logistic_decay_market,28615,1.0,0.3774079678433592,0.36826978513320424,0.3921620901093042,0.27614041674488454,0.010436167283207237,0.002263601553791208,0.00262358377994662,,,non_overlapping,0.3848680761838197,0.4354426684183636,0.48626619936425136,1.0
other,5,majority_baseline,28615,1.0,0.3333333333333333,0.20006196393046993,0.0,0.0,,,0.0045785658935652545,,,non_overlapping,0.4287611392626245,0.4287611392626245,1.0,0.0
other,5,ridge_current,28615,1.0,0.3597186857939312,0.19496548687605034,0.42778793418647165,0.02196358175333208,0.01036358197368742,0.0042239113379900824,0.006297206076938809,0.044012226862617784,-0.006693554113174212,non_overlapping,0.2467586929931854,0.46106870229007635,0.12307441519276224,
other,5,ridge_decay_market,28615,1.0,0.36449983335787617,0.215914622835333,0.4038950042337002,0.04477191665102309,0.014395361542013775,0.003833358780957783,0.006205477855322743,0.04420146227060231,-0.009216188151587585,non_overlapping,0.2575572252315219,0.4618064861967301,0.14043524329611215,0.75
other,5,ridge_decay_only,28615,1.0,0.361500287990873,0.20706567115513927,0.36921420882669537,0.032194480946123524,0.017298186630608895,0.003956018891066996,0.005412430782078343,0.0441995979941129,-0.01895631030333248,non_overlapping,0.2528743665909488,0.4528352593388874,0.13733800635748636,0.5
other,5,ridge_decay_volume,28615,1.0,0.3621662627155791,0.20929574610469728,0.37123420796890183,0.0358550779050122,0.01614479500058558,0.003528528717641582,0.008177037511950083,0.044209726562438004,-0.014130536896321093,non_overlapping,0.2538878210728639,0.4587305911195859,0.13725650012225935,0.5
other,20,logistic_decay_market,141361,1.0,0.35083407029358016,0.35183414411525815,0.33538540464281136,0.31500963700610346,0.03283892618532292,0.008927584246249062,0.016467288291567066,,,overlapping,0.3896972998210256,0.4615914002174721,0.5083291649614237,0.25
other,20,majority_baseline,141361,1.0,0.3333333333333333,0.21213115070369548,0.0,0.0,,,0.020715860479426824,,,overlapping,0.4666987358606688,0.4666987358606688,1.0,0.0
other,20,ridge_current,141361,1.0,0.3646074268488919,0.2529095703950162,0.2949233475747675,0.04712094442659814,0.03502131198115724,0.014397724285988463,0.033438038211042985,0.0946479855499654,-0.017921944253035595,overlapping,0.2853828142132554,0.4786356038445466,0.2777803040637837,
other,20,ridge_decay_market,141361,1.0,0.364868268266678,0.262135275643411,0.298904833836858,0.06356408609058786,0.036924377328359896,0.014066544385409784,0.03193203184949456,0.09498952427281654,-0.01848897975130744,overlapping,0.2897545999250147,0.4775095363661965,0.28272171949130703,0.5
other,20,ridge_decay_only,141361,1.0,0.3650060289342824,0.255792573359468,0.3012508686587908,0.052220526823000324,0.035719683351664956,0.014432592876829953,0.032710129265282765,0.09477388387588809,-0.01811280012844033,overlapping,0.28677640933496507,0.47732226258432797,0.278841344186258,0.75
other,20,ridge_decay_volume,141361,1.0,0.3649029402986757,0.2613360369199134,0.297210401891253,0.06310231288146483,0.037386074249663136,0.013926734360291454,0.032337122366629466,0.09497992478880718,-0.018165267168697725,overlapping,0.28896230219084473,0.4781652610337869,0.28016006548133326,0.5
other,20,logistic_decay_market,7233,1.0,0.3607452712367265,0.36230424263424404,0.34093686354378816,0.3274647887323944,0.03085203734682915,0.010071425774391787,0.01676383061624951,,,non_overlapping,0.39554818194386837,0.46536558548653106,0.5055240370259779,0.5
other,20,majority_baseline,7233,1.0,0.3333333333333333,0.210987210987211,0.0,0.0,,,0.020490805039566972,,,non_overlapping,0.4630167288815153,0.4630167288815153,1.0,0.0
other,20,ridge_current,7233,1.0,0.3702638049345763,0.25976756287276287,0.33496332518337407,0.05359937402190924,0.010576605388259039,0.01634237021623755,0.032981869903530574,0.09295432039226621,-0.0018484635522772169,non_overlapping,0.29130374671643855,0.48226221079691517,0.2800836070468797,
other,20,ridge_decay_market,7233,1.0,0.3712115081854128,0.27029688918750766,0.3442622950819672,0.07394366197183098,0.019738789810103668,0.015535618394303986,0.032260468218699566,0.09331983238431173,-0.0006921155377789765,non_overlapping,0.2962809346052814,0.47381546134663344,0.2836667661988653,0.5
other,20,ridge_decay_only,7233,1.0,0.3735015394133235,0.2644177466132209,0.34151785714285715,0.05985915492957746,0.01773022662267913,0.01607390348584278,0.03206028472190036,0.09313051331871777,-0.007152388860536255,non_overlapping,0.29448361675653256,0.48258196721311475,0.2812779934308749,0.75
other,20,ridge_decay_volume,7233,1.0,0.37046284317601724,0.26963106897794936,0.3430127041742287,0.07394366197183098,0.02054085046452527,0.015113986913697863,0.0331634206431626,0.09333855698757407,-0.0008357017088638316,non_overlapping,0.2954514032904742,0.4751131221719457,0.2821737832188713,0.5
