sample_count,coverage,event_rate,signal_rate,precision,recall,specificity,balanced_accuracy,roc_auc,pr_auc,brier_score,mean_mae_when_signaled,scope,horizon,regime_scope,sample_mode,specification,comparable_fold_count,fold_win_rate_vs_ridge_down
149923,1.0,0.36932958918911707,0.146008284252583,0.45194152581087255,0.17866753354644127,0.8731174380235215,0.5258924857849814,0.5258924857849814,0.38408966014682105,0.38336345990942017,-0.06434320320118622,all,5,all_pressure,overlapping,general_logistic_down,4,1.0
149923,1.0,0.36932958918911707,0.0,,0.0,1.0,0.5,0.5,0.36932958918911707,0.36932958918911707,,all,5,all_pressure,overlapping,negative_baseline,4,1.0
149923,1.0,0.36932958918911707,0.4318883693629396,0.5177451737451737,0.6054432825847466,0.6697478636094424,0.6375955730970945,0.6877815787861474,0.5534276069749815,0.2282359524018283,-0.07183936755040742,all,5,all_pressure,overlapping,pressure_downside_logistic_v1,4,1.0
149923,1.0,0.36932958918911707,0.24665995210874916,0.31227690643591133,0.2085568257752253,0.7310263135629071,0.4697915696690662,0.4697915696690662,0.3574308627721476,0.4619371277255658,-0.04531692503532602,all,5,all_pressure,overlapping,ridge_down,0,
10720,1.0,0.47341417910447764,0.036380597014925374,0.6410256410256411,0.04926108374384237,0.975199291408326,0.5122301875760842,0.5122301875760842,0.4816709013666039,0.4631529850746269,-0.12259712219144296,all,5,acute_selloff,overlapping,general_logistic_down,4,1.0
10720,1.0,0.47341417910447764,0.0,,0.0,1.0,0.5,0.5,0.47341417910447764,0.47341417910447764,,all,5,acute_selloff,overlapping,negative_baseline,4,1.0
10720,1.0,0.47341417910447764,0.6041044776119403,0.519302038295244,0.6626600985221675,0.44853852967227636,0.555599314097222,0.5847654186319469,0.5667371871282898,0.26568154627778795,-0.07976323885486006,all,5,acute_selloff,overlapping,pressure_downside_logistic_v1,4,1.0
10720,1.0,0.47341417910447764,0.21026119402985075,0.3926353149955634,0.17438423645320197,0.7574844995571302,0.4659343680051661,0.4659343680051661,0.45932761856528764,0.5185634328358208,-0.05675317114614521,all,5,acute_selloff,overlapping,ridge_down,0,
57645,1.0,0.4036429872495446,0.12906583398386678,0.4497311827956989,0.14380264741275572,0.8809087471274398,0.5123556972700978,0.5123556972700978,0.4102705917835584,0.41661896088125594,-0.06316098988229461,all,5,correction,overlapping,general_logistic_down,4,0.75
57645,1.0,0.4036429872495446,0.0,,0.0,1.0,0.5,0.5,0.4036429872495446,0.4036429872495446,,all,5,correction,overlapping,negative_baseline,4,0.5
57645,1.0,0.4036429872495446,0.48352849336455894,0.5263157894736842,0.6304796286745745,0.6159350728684877,0.6232073507715311,0.6662756212326758,0.5612372400699953,0.23679202418046183,-0.0736605992720951,all,5,correction,overlapping,pressure_downside_logistic_v1,4,1.0
57645,1.0,0.4036429872495446,0.2668574898083095,0.35461223428459987,0.2344421523121884,0.7112022573232103,0.4728222048176993,0.4728222048176994,0.39214811199495575,0.48123861566484516,-0.05009251081592995,all,5,correction,overlapping,ridge_down,0,
81558,1.0,0.3313960616984232,0.1723926530812428,0.4478662873399715,0.23298061269794287,0.8576379974326059,0.5453093050652744,0.5453093050652744,0.3585313662294588,0.34937099977929814,-0.06335292145768363,all,5,under_pressure,overlapping,general_logistic_down,4,1.0
81558,1.0,0.3313960616984232,0.0,,0.0,1.0,0.5,0.5,0.3313960616984232,0.3313960616984232,,all,5,under_pressure,overlapping,negative_baseline,4,1.0
81558,1.0,0.3313960616984232,0.37275313273989064,0.509555606723463,0.5731463667307977,0.7265725288831836,0.6498594478069906,0.7096944618374447,0.544639341916452,0.21726668483727765,-0.06848164305627116,all,5,under_pressure,overlapping,pressure_downside_logistic_v1,4,1.0
81558,1.0,0.3313960616984232,0.23716864072194022,0.2692446880008272,0.19268906319372503,0.740784889051898,0.4667369761228115,0.4667369761228115,0.3194201717244303,0.44085190907084526,-0.040186379887374994,all,5,under_pressure,overlapping,ridge_down,0,
32746,1.0,0.42307457399377024,0.1824039577352959,0.4789887828561862,0.2065107550166017,0.8352741901333898,0.5208924725749957,0.5208924725749957,0.43462145948210373,0.4307396323215049,-0.06633762558570859,semiconductor,5,all_pressure,overlapping,general_logistic_down,4,0.75
32746,1.0,0.42307457399377024,0.0,,0.0,1.0,0.5,0.5,0.42307457399377024,0.42307457399377024,,semiconductor,5,all_pressure,overlapping,negative_baseline,4,0.75
32746,1.0,0.42307457399377024,0.5589384963048922,0.5019942085996831,0.6632019633318897,0.5175206436586915,0.5903613034952906,0.6316931400787396,0.5480010670170474,0.2483030123929752,-0.06760513863708364,semiconductor,5,all_pressure,overlapping,pressure_downside_logistic_v1,4,1.0
32746,1.0,0.42307457399377024,0.19953582116899773,0.4075604530149985,0.19221885376064674,0.795098454372221,0.4936586540664339,0.49365865406643383,0.42009246744212675,0.4599645758260551,-0.05536900935181195,semiconductor,5,all_pressure,overlapping,ridge_down,0,
2373,1.0,0.4964180362410451,0.02654867256637168,0.4603174603174603,0.02461799660441426,0.9715481171548117,0.49808305687961296,0.49808305687961296,0.4955293123855409,0.49852507374631266,-0.06255711028774934,semiconductor,5,acute_selloff,overlapping,general_logistic_down,4,0.25
2373,1.0,0.4964180362410451,0.0,,0.0,1.0,0.5,0.5,0.4964180362410451,0.4964180362410451,,semiconductor,5,acute_selloff,overlapping,negative_baseline,4,0.25
2373,1.0,0.4964180362410451,0.7142857142857143,0.5156342182890855,0.7419354838709677,0.3129707112970711,0.5274530975840195,0.5435118028571226,0.5323444976839979,0.2730326530754268,-0.07224166498248281,semiconductor,5,acute_selloff,overlapping,pressure_downside_logistic_v1,4,1.0
2373,1.0,0.4964180362410451,0.14454277286135694,0.5364431486880467,0.15619694397283532,0.8669456066945607,0.511571275333698,0.511571275333698,0.5026698364874358,0.4858828487147071,-0.07377962070120404,semiconductor,5,acute_selloff,overlapping,ridge_down,0,
12548,1.0,0.43560726809053235,0.13532036978004464,0.46466431095406363,0.14434687156970363,0.8716464275628354,0.5079966495662696,0.5079966495662696,0.4398015613249499,0.44517054510678994,-0.062910190690717,semiconductor,5,correction,overlapping,general_logistic_down,4,0.5
12548,1.0,0.43560726809053235,0.0,,0.0,1.0,0.5,0.5,0.43560726809053235,0.43560726809053235,,semiconductor,5,correction,overlapping,negative_baseline,4,0.25
12548,1.0,0.43560726809053235,0.5928434810328339,0.4950934265358247,0.6738016831320893,0.4696413442530359,0.5717215136925626,0.6098659444179743,0.5359198092734654,0.2532069861976015,-0.0661823793431457,semiconductor,5,correction,overlapping,pressure_downside_logistic_v1,4,0.75
12548,1.0,0.43560726809053235,0.19174370417596429,0.4600997506234414,0.20252469813391877,0.8165772380683423,0.5095509681011305,0.5095509681011305,0.44056760072206,0.45090851131654447,-0.05974809825526778,semiconductor,5,correction,overlapping,ridge_down,0,
17825,1.0,0.4044880785413745,0.23629733520336607,0.48504273504273504,0.28335644937586685,0.7956665096561469,0.5395114795160069,0.539511479516007,0.4273137599882926,0.4115568022440393,-0.06777588696165045,semiconductor,5,under_pressure,overlapping,general_logistic_down,4,0.75
17825,1.0,0.4044880785413745,0.0,,0.0,1.0,0.5,0.5,0.4044880785413745,0.4044880785413745,,semiconductor,5,under_pressure,overlapping,negative_baseline,4,0.75
17825,1.0,0.4044880785413745,0.5143899018232819,0.5050714363616534,0.6423023578363384,0.5724917569477155,0.6073970573920269,0.6529806367484318,0.5575981086729865,0.24155863648049788,-0.0679023350851317,semiconductor,5,under_pressure,overlapping,pressure_downside_logistic_v1,4,1.0
17825,1.0,0.4044880785413745,0.2123422159887798,0.3624834874504623,0.19029126213592232,0.7726801695713613,0.4814857158536418,0.4814857158536418,0.39649497188718147,0.4628892005610098,-0.050916980925244916,semiconductor,5,under_pressure,overlapping,ridge_down,0,
59918,1.0,0.39685904068894157,0.14157682165626356,0.4631616173523518,0.1652298246351823,0.8739865519245137,0.519608188279848,0.519608188279848,0.40781420380389755,0.40728996294936415,-0.06777556860678097,software,5,all_pressure,overlapping,general_logistic_down,4,0.75
59918,1.0,0.39685904068894157,0.0,,0.0,1.0,0.5,0.5,0.39685904068894157,0.39685904068894157,,software,5,all_pressure,overlapping,negative_baseline,4,1.0
59918,1.0,0.39685904068894157,0.485363329884175,0.536551818994567,0.6562092602716683,0.6270511082210355,0.6416301842463519,0.6930845875694636,0.584624290279847,0.2306458906988909,-0.07486600683938624,software,5,all_pressure,overlapping,pressure_downside_logistic_v1,4,1.0
59918,1.0,0.39685904068894157,0.22844554224106278,0.3334307422559907,0.19193405946423314,0.747530368853593,0.4697322141589131,0.4697322141589131,0.3846849898857964,0.47296304950098467,-0.04815486829851508,software,5,all_pressure,overlapping,ridge_down,0,
4152,1.0,0.4766377649325626,0.02432562620423892,0.6732673267326733,0.03436078827690753,0.9848136217211229,0.5095872049990152,0.5095872049990151,0.4833941116745573,0.4682080924855491,-0.13596335519798505,software,5,acute_selloff,overlapping,general_logistic_down,4,1.0
4152,1.0,0.4766377649325626,0.0,,0.0,1.0,0.5,0.5,0.4766377649325626,0.4766377649325626,,software,5,acute_selloff,overlapping,negative_baseline,4,0.75
4152,1.0,0.4766377649325626,0.6302986512524085,0.5055406954528086,0.6685194542698333,0.40450989415554534,0.5365146742126893,0.5704510801054887,0.5581694406536706,0.2744275887472795,-0.07562543488173483,software,5,acute_selloff,overlapping,pressure_downside_logistic_v1,4,1.0
4152,1.0,0.4766377649325626,0.21290944123314065,0.4490950226244344,0.20060636685194544,0.7758858720662678,0.4882461194591066,0.48824611945910656,0.4711125154649896,0.4983140655105973,-0.06328142242275786,software,5,acute_selloff,overlapping,ridge_down,0,
23113,1.0,0.4439060269112621,0.11958637995933025,0.46960926193921854,0.12651072124756335,0.8859410254415312,0.5062258733445473,0.5062258733445473,0.4471577617130445,0.45117466360922426,-0.06833051709948425,software,5,correction,overlapping,general_logistic_down,4,0.75
23113,1.0,0.4439060269112621,0.0,,0.0,1.0,0.5,0.5,0.4439060269112621,0.4439060269112621,,software,5,correction,overlapping,negative_baseline,4,0.5
23113,1.0,0.4439060269112621,0.55323843724311,0.556971924610933,0.6941520467836257,0.5592468684353847,0.6266994576095053,0.6695170414777142,0.599028537742734,0.23853210472179295,-0.07934340139172132,software,5,correction,overlapping,pressure_downside_logistic_v1,4,1.0
23113,1.0,0.4439060269112621,0.24068705923073594,0.3785727125651627,0.20526315789473684,0.731035555901346,0.4681493568980414,0.4681493568980414,0.43049550449285223,0.5023579803573747,-0.05433078108831847,software,5,correction,overlapping,ridge_down,0,
32653,1.0,0.35341316264968,0.17205157259669862,0.4562121751512994,0.22209705372616984,0.8553024203097618,0.5386997370179658,0.5386997370179659,0.3762445204522493,0.3684806909012954,-0.06627666435623922,software,5,under_pressure,overlapping,general_logistic_down,4,1.0
32653,1.0,0.35341316264968,0.0,,0.0,1.0,0.5,0.5,0.35341316264968,0.35341316264968,,software,5,under_pressure,overlapping,negative_baseline,4,1.0
32653,1.0,0.35341316264968,0.41888953541787893,0.5233952332212312,0.6203639514731369,0.6912328896888174,0.6557984205809771,0.7179546865135454,0.5778766663934192,0.21949666474696475,-0.0705349739890035,software,5,under_pressure,overlapping,pressure_downside_logistic_v1,4,1.0
32653,1.0,0.35341316264968,0.2217560407925765,0.28462919486258803,0.17859618717504333,0.7546535309998579,0.4666248590874506,0.46662485908745055,0.3411286082641343,0.4489327167488439,-0.041563447680436516,software,5,under_pressure,overlapping,ridge_down,0,
57259,1.0,0.3097853612532528,0.1298311182521525,0.41740651062684964,0.1749351674371406,0.8904126919865388,0.5326739297118397,0.5326739297118397,0.32861208503870043,0.33123177142457955,-0.05882404250191097,other,5,all_pressure,overlapping,general_logistic_down,4,1.0
57259,1.0,0.3097853612532528,0.0,,0.0,1.0,0.5,0.5,0.3097853612532528,0.3097853612532528,,other,5,all_pressure,overlapping,negative_baseline,4,1.0
57259,1.0,0.3097853612532528,0.30327110148622927,0.5028505614742298,0.4922764685984891,0.7815591710736064,0.6369178198360478,0.6893438684704403,0.5056565700656547,0.21423789743486243,-0.07123345727102262,other,5,all_pressure,overlapping,pressure_downside_logistic_v1,4,1.0
57259,1.0,0.3097853612532528,0.29267014792434376,0.25784699844850223,0.24360130792648552,0.6853065458869968,0.46445392690674114,0.4644539269067412,0.29713310814245525,0.4515272708220542,-0.03907954072273198,other,5,all_pressure,overlapping,ridge_down,0,
4195,1.0,0.4572109654350417,0.053873659117997616,0.6769911504424779,0.07977059436913451,0.9679402722880984,0.5238554333286165,0.5238554333286165,0.47474296142364325,0.43814064362336114,-0.13336053465282324,other,5,acute_selloff,overlapping,general_logistic_down,4,1.0
4195,1.0,0.4572109654350417,0.0,,0.0,1.0,0.5,0.5,0.4572109654350417,0.4572109654350417,,other,5,acute_selloff,overlapping,negative_baseline,4,1.0
4195,1.0,0.4572109654350417,0.5158522050059595,0.5388170055452866,0.607924921793535,0.5617039964866052,0.5848144591400701,0.6099733335531494,0.5897610689896837,0.25286682762126206,-0.09065866432221133,other,5,acute_selloff,overlapping,pressure_downside_logistic_v1,4,1.0
4195,1.0,0.4572109654350417,0.24481525625744935,0.29600778967867575,0.15849843587069865,0.6824769433465085,0.4204876896086036,0.4204876896086036,0.43166051422026835,0.5570917759237187,-0.04544738115012692,other,5,acute_selloff,overlapping,ridge_down,0,
21984,1.0,0.34306768558951967,0.13546215429403202,0.42276695768972467,0.16693184831609653,0.8809721645201496,0.5239520064181231,0.523952006418123,0.35637203239065435,0.3639919941775837,-0.0585059475045198,other,5,correction,overlapping,general_logistic_down,4,1.0
21984,1.0,0.34306768558951967,0.0,,0.0,1.0,0.5,0.5,0.34306768558951967,0.34306768558951967,,other,5,correction,overlapping,negative_baseline,4,0.75
21984,1.0,0.34306768558951967,0.3478438864628821,0.5054269648228064,0.5124635375232034,0.738124913446891,0.6252942254850472,0.66706692716972,0.5157658019081428,0.22559326940686034,-0.0714328612503603,other,5,correction,overlapping,pressure_downside_logistic_v1,4,1.0
21984,1.0,0.34306768558951967,0.337245269286754,0.30240086323172377,0.2972686290108724,0.6418778562525966,0.4695732426317345,0.4695732426317345,0.33097871506098897,0.47634643377001457,-0.04377893637509582,other,5,correction,overlapping,ridge_down,0,
31080,1.0,0.26634491634491636,0.1361003861003861,0.3997635933806147,0.20427639526455665,0.8886501184106658,0.5464632568376112,0.5464632568376113,0.29359920275073487,0.2936293436293436,-0.055065659446621326,other,5,under_pressure,overlapping,general_logistic_down,4,1.0
31080,1.0,0.26634491634491636,0.0,,0.0,1.0,0.5,0.5,0.26634491634491636,0.26634491634491636,,other,5,under_pressure,overlapping,negative_baseline,4,1.0
31080,1.0,0.26634491634491636,0.24305019305019304,0.48993910510987554,0.4470886687605702,0.831023594421542,0.6390561315910561,0.7050922943713329,0.4742341679848489,0.20099192383240597,-0.0654668448420092,other,5,under_pressure,overlapping,pressure_downside_logistic_v1,4,1.0
31080,1.0,0.26634491634491636,0.2675997425997426,0.21341829986774077,0.2144237738584199,0.7130953425138146,0.46375955818611725,0.4637595581861172,0.2549961915023231,0.4197232947232947,-0.03410405779793216,other,5,under_pressure,overlapping,ridge_down,0,
30346,1.0,0.3601463125288341,0.14871811770908852,0.44427210281409263,0.18345685790099733,0.8708348354534686,0.527145846677233,0.527145846677233,0.3755797656830059,0.3767218084755816,-0.06352398703233852,all,5,all_pressure,non_overlapping,general_logistic_down,4,1.0
30346,1.0,0.3601463125288341,0.0,,0.0,1.0,0.5,0.5,0.3601463125288341,0.3601463125288341,,all,5,all_pressure,non_overlapping,negative_baseline,4,1.0
30346,1.0,0.3601463125288341,0.42582218414288536,0.52329360780065,0.6187208344770794,0.682752227429572,0.6507365309533257,0.7044102822078295,0.5632962152093443,0.22381415849181893,-0.07094109991311356,all,5,all_pressure,non_overlapping,pressure_downside_logistic_v1,4,1.0
30346,1.0,0.3601463125288341,0.2478086073947143,0.31077127659574466,0.21383475157836948,0.7330689601895246,0.47345185588394706,0.473451855883947,0.3495882139859089,0.4539313253806103,-0.0442207975842111,all,5,all_pressure,non_overlapping,ridge_down,0,
1641,1.0,0.5051797684338818,0.054844606946983544,0.6111111111111112,0.06634499396863691,0.9568965517241379,0.5116207728463874,0.5116207728463874,0.5122077827248922,0.49299207800121875,-0.10322544294650597,all,5,acute_selloff,non_overlapping,general_logistic_down,2,1.0
1641,1.0,0.5051797684338818,0.0,,0.0,1.0,0.5,0.5,0.5051797684338818,0.5051797684338818,,all,5,acute_selloff,non_overlapping,negative_baseline,2,0.5
1641,1.0,0.5051797684338818,0.5679463741620963,0.5901287553648069,0.6634499396863691,0.5295566502463054,0.5965032949663372,0.6355110614604812,0.6466731285812138,0.24240520931923878,-0.08380944583141603,all,5,acute_selloff,non_overlapping,pressure_downside_logistic_v1,2,1.0
1641,1.0,0.5051797684338818,0.1907373552711761,0.41533546325878595,0.15681544028950542,0.7746305418719212,0.4657229910807133,0.4657229910807133,0.4910907941603444,0.5374771480804388,-0.05378584941580043,all,5,acute_selloff,non_overlapping,ridge_down,0,
12043,1.0,0.3854521298679731,0.13302333305654737,0.43258426966292135,0.14928909952606634,0.8771787596270775,0.5132339295765719,0.5132339295765719,0.3924884445766976,0.4033878601677323,-0.06063808206748545,all,5,correction,non_overlapping,general_logistic_down,4,0.75
12043,1.0,0.3854521298679731,0.0,,0.0,1.0,0.5,0.5,0.3854521298679731,0.3854521298679731,,all,5,correction,non_overlapping,negative_baseline,4,0.5
12043,1.0,0.3854521298679731,0.4811923939217803,0.5106125970664366,0.6374407582938388,0.6168085393865694,0.6271246488402041,0.6741692917238555,0.546512466701631,0.23687304276693708,-0.07041533168714798,all,5,correction,non_overlapping,pressure_downside_logistic_v1,4,1.0
12043,1.0,0.3854521298679731,0.2750145312629743,0.37620772946859904,0.2684187850064627,0.7208485339818943,0.4946336594941785,0.4946336594941786,0.38297075914465983,0.4535414763763182,-0.05218596848906802,all,5,correction,non_overlapping,ridge_down,0,
16662,1.0,0.32757172008162283,0.16930740607370062,0.445586671393123,0.23030414071088312,0.8604069975008926,0.5453555691058878,0.5453555691058879,0.35475105203445456,0.34599687912615534,-0.06389622691940677,all,5,under_pressure,non_overlapping,general_logistic_down,4,1.0
16662,1.0,0.32757172008162283,0.0,,0.0,1.0,0.5,0.5,0.32757172008162283,0.32757172008162283,,all,5,under_pressure,non_overlapping,negative_baseline,4,1.0
16662,1.0,0.32757172008162283,0.37180410514944184,0.5251008878127522,0.5960058629534628,0.7374152088539807,0.6667105359037218,0.7273248155496996,0.5654886012077067,0.21254443950652044,-0.06949695600247802,all,5,under_pressure,non_overlapping,pressure_downside_logistic_v1,4,1.0
16662,1.0,0.32757172008162283,0.23376545432721163,0.2467265725288832,0.17607182117991937,0.7381292395573009,0.45710053036861015,0.4571005303686102,0.31333716771845266,0.4459848757652143,-0.036679203935899525,all,5,under_pressure,non_overlapping,ridge_down,0,
6628,1.0,0.40992757996379,0.1836149668074834,0.4905505341002465,0.21972764078027235,0.8414727691127589,0.5306002049465156,0.5306002049465156,0.42764267146892965,0.41339770669885334,-0.06890249911513317,semiconductor,5,all_pressure,non_overlapping,general_logistic_down,4,0.5
6628,1.0,0.40992757996379,0.0,,0.0,1.0,0.5,0.5,0.40992757996379,0.40992757996379,,semiconductor,5,all_pressure,non_overlapping,negative_baseline,4,0.5
6628,1.0,0.40992757996379,0.5555220277610139,0.5067897881586094,0.6867868973132131,0.5356686269496292,0.6112277621314212,0.6593076142928787,0.569737057763453,0.2422278213286213,-0.06727603269656274,semiconductor,5,all_pressure,non_overlapping,pressure_downside_logistic_v1,4,1.0
6628,1.0,0.40992757996379,0.20036210018105008,0.40963855421686746,0.20022083179977918,0.7995397596522629,0.499880295726021,0.499880295726021,0.4098697109883296,0.44613759806879905,-0.05304980252370864,semiconductor,5,all_pressure,non_overlapping,ridge_down,0,
363,1.0,0.4765840220385675,0.03305785123966942,0.25,0.017341040462427744,0.9526315789473684,0.4849863097048981,0.48498630970489803,0.472654819344257,0.4931129476584022,-0.03785655231588512,semiconductor,5,acute_selloff,non_overlapping,general_logistic_down,2,0.5
363,1.0,0.4765840220385675,0.0,,0.0,1.0,0.5,0.5,0.4765840220385675,0.4765840220385675,,semiconductor,5,acute_selloff,non_overlapping,negative_baseline,2,0.5
363,1.0,0.4765840220385675,0.6528925619834711,0.5232067510548524,0.7167630057803468,0.4052631578947368,0.5610130818375418,0.5923942804989352,0.5780678843991921,0.2574432772543819,-0.0665814361299695,semiconductor,5,acute_selloff,non_overlapping,pressure_downside_logistic_v1,2,1.0
363,1.0,0.4765840220385675,0.14600550964187328,0.4528301886792453,0.13872832369942195,0.8473684210526315,0.4930483723760267,0.4930483723760267,0.47328869255519335,0.4903581267217631,-0.05244985216641023,semiconductor,5,acute_selloff,non_overlapping,ridge_down,0,
2623,1.0,0.41059855127716355,0.1380099123141441,0.4530386740331492,0.1522748375116063,0.871927554980595,0.5121011962461006,0.5121011962461006,0.4170611140738039,0.4235608082348456,-0.061029068661828445,semiconductor,5,correction,non_overlapping,general_logistic_down,4,0.0
2623,1.0,0.41059855127716355,0.0,,0.0,1.0,0.5,0.5,0.41059855127716355,0.41059855127716355,,semiconductor,5,correction,non_overlapping,negative_baseline,4,0.0
2623,1.0,0.41059855127716355,0.5985512771635532,0.4694267515923567,0.6843082636954503,0.4611901681759379,0.5727492159356941,0.6169478007161381,0.5203441303219316,0.2548712091613875,-0.06230535628321429,semiconductor,5,correction,non_overlapping,pressure_downside_logistic_v1,4,0.25
2623,1.0,0.41059855127716355,0.18604651162790697,0.5409836065573771,0.24512534818941503,0.8551099611901681,0.5501176546897916,0.5501176546897917,0.442559233351422,0.3953488372093023,-0.06620529993346323,semiconductor,5,correction,non_overlapping,ridge_down,0,
3642,1.0,0.4028006589785832,0.23146622734761121,0.5100830367734283,0.2931152010906612,0.8101149425287356,0.5516150718096984,0.5516150718096984,0.43424675471940344,0.39813289401427787,-0.07272543290598404,semiconductor,5,under_pressure,non_overlapping,general_logistic_down,4,0.75
3642,1.0,0.4028006589785832,0.0,,0.0,1.0,0.5,0.5,0.4028006589785832,0.4028006589785832,,semiconductor,5,under_pressure,non_overlapping,negative_baseline,4,1.0
3642,1.0,0.4028006589785832,0.514827018121911,0.536,0.6850715746421268,0.6,0.6425357873210633,0.6937576882996811,0.6047223225028421,0.23160541144767754,-0.07152594275269054,semiconductor,5,under_pressure,non_overlapping,pressure_downside_logistic_v1,4,1.0
3642,1.0,0.4028006589785832,0.21609006040637013,0.3252858958068615,0.17450579413769599,0.7558620689655172,0.4651839315516066,0.4651839315516066,0.3892738836739065,0.4783086216364635,-0.04493279443346285,semiconductor,5,under_pressure,non_overlapping,ridge_down,0,
12132,1.0,0.3880646224859875,0.142433234421365,0.4519675925925926,0.1658878504672897,0.8724407327586207,0.5191642916129552,0.5191642916129551,0.3986653488354477,0.40174744477415103,-0.06542459610866908,software,5,all_pressure,non_overlapping,general_logistic_down,4,1.0
12132,1.0,0.3880646224859875,0.0,,0.0,1.0,0.5,0.5,0.3880646224859875,0.3880646224859875,,software,5,all_pressure,non_overlapping,negative_baseline,4,1.0
12132,1.0,0.3880646224859875,0.47815694032311246,0.54421651439407,0.6705607476635514,0.6438577586206896,0.6572092531421205,0.7107814010634869,0.595934961179917,0.22580593162440993,-0.07341802354656168,software,5,all_pressure,non_overlapping,pressure_downside_logistic_v1,4,1.0
12132,1.0,0.3880646224859875,0.2314540059347181,0.32585470085470086,0.1943500424808836,0.7450161637931034,0.4696831031369935,0.4696831031369936,0.3759741215742145,0.46867787668974614,-0.04664782905339466,software,5,all_pressure,non_overlapping,ridge_down,0,
635,1.0,0.5385826771653544,0.03779527559055118,0.7916666666666666,0.05555555555555555,0.9829351535836177,0.5192453545695866,0.5192453545695866,0.5526428988043162,0.5165354330708661,-0.12751127118005331,software,5,acute_selloff,non_overlapping,general_logistic_down,2,1.0
635,1.0,0.5385826771653544,0.0,,0.0,1.0,0.5,0.5,0.5385826771653544,0.5385826771653544,,software,5,acute_selloff,non_overlapping,negative_baseline,2,0.5
635,1.0,0.5385826771653544,0.5984251968503937,0.6157894736842106,0.6842105263157895,0.5017064846416383,0.5929585054787139,0.617767399157735,0.6508743840250502,0.24848420096340892,-0.08787586304322792,software,5,acute_selloff,non_overlapping,pressure_downside_logistic_v1,2,1.0
635,1.0,0.5385826771653544,0.2015748031496063,0.4296875,0.1608187134502924,0.7508532423208191,0.45583597788555574,0.45583597788555574,0.5210702948726804,0.5669291338582677,-0.05967720861787816,software,5,acute_selloff,non_overlapping,ridge_down,0,
4818,1.0,0.4302615193026152,0.12121212121212122,0.4554794520547945,0.12831644958996624,0.8841530054644808,0.5062347275272235,0.5062347275272235,0.43349739489937333,0.4410543794105438,-0.06470226506293526,software,5,correction,non_overlapping,general_logistic_down,4,0.5
4818,1.0,0.4302615193026152,0.0,,0.0,1.0,0.5,0.5,0.4302615193026152,0.4302615193026152,,software,5,correction,non_overlapping,negative_baseline,4,0.5
4818,1.0,0.4302615193026152,0.5481527604815276,0.552442256720939,0.7038109020742884,0.5693989071038251,0.6366049045890567,0.6797387171518271,0.592254731246872,0.23761995885583906,-0.0754791472467523,software,5,correction,non_overlapping,pressure_downside_logistic_v1,4,1.0
4818,1.0,0.4302615193026152,0.25197177251971775,0.3986820428336079,0.23347805113362277,0.7340619307832422,0.4837699909584325,0.48376999095843254,0.4228884046808113,0.4813200498132005,-0.056306571574231655,software,5,correction,non_overlapping,ridge_down,0,
6679,1.0,0.343314867495134,0.16768977391825124,0.44285714285714284,0.21631051024858264,0.8577291381668947,0.5370198242077386,0.5370198242077387,0.3648469078699951,0.3624794130857913,-0.06447081140241491,software,5,under_pressure,non_overlapping,general_logistic_down,4,1.0
6679,1.0,0.343314867495134,0.0,,0.0,1.0,0.5,0.5,0.343314867495134,0.343314867495134,,software,5,under_pressure,non_overlapping,negative_baseline,4,1.0
6679,1.0,0.343314867495134,0.4162299745470879,0.5266187050359712,0.6384648931530745,0.6999544003647971,0.6692096467589358,0.7340577769054253,0.5914478701052889,0.21512758393294568,-0.06948370458939024,software,5,under_pressure,non_overlapping,pressure_downside_logistic_v1,4,1.0
6679,1.0,0.343314867495134,0.2194939362179967,0.25648021828103684,0.1639773222852159,0.7514819881440948,0.45772965521465536,0.45772965521465536,0.32907595423543035,0.45021709836801915,-0.03751176220172342,software,5,under_pressure,non_overlapping,ridge_down,0,
11586,1.0,0.30243397203521494,0.13533575004315554,0.39987244897959184,0.17893835616438356,0.8835684236575105,0.5312533899109471,0.5312533899109471,0.3198694529268029,0.32953564646987743,-0.05725491707783579,other,5,all_pressure,non_overlapping,general_logistic_down,4,1.0
11586,1.0,0.30243397203521494,0.0,,0.0,1.0,0.5,0.5,0.30243397203521494,0.30243397203521494,,other,5,all_pressure,non_overlapping,negative_baseline,4,1.0
11586,1.0,0.30243397203521494,0.29682375280510964,0.5056702529805176,0.4962899543378995,0.7896560257362039,0.6429729900370517,0.7035981574139047,0.506951018914082,0.21119462207485715,-0.07068699799212134,other,5,all_pressure,non_overlapping,pressure_downside_logistic_v1,4,1.0
11586,1.0,0.30243397203521494,0.29207664422578977,0.2594562647754137,0.2505707762557078,0.6899282355852512,0.4702495059204795,0.47024950592047954,0.291665014565436,0.442948385983083,-0.0387420674053931,other,5,all_pressure,non_overlapping,ridge_down,0,
643,1.0,0.48833592534992226,0.08398133748055987,0.6111111111111112,0.10509554140127389,0.9361702127659575,0.5206328770836157,0.5206328770836157,0.5012390499681364,0.46967340590979784,-0.10695816164951177,other,5,acute_selloff,non_overlapping,general_logistic_down,2,0.5
643,1.0,0.48833592534992226,0.0,,0.0,1.0,0.5,0.5,0.48833592534992226,0.48833592534992226,,other,5,acute_selloff,non_overlapping,negative_baseline,2,1.0
643,1.0,0.48833592534992226,0.48989113530326595,0.6095238095238096,0.6114649681528662,0.6261398176291794,0.6188023928910228,0.6724778812460069,0.6774032181807706,0.22791224142731814,-0.09186595300206463,other,5,acute_selloff,non_overlapping,pressure_downside_logistic_v1,2,1.0
643,1.0,0.48833592534992226,0.2052877138413686,0.38636363636363635,0.1624203821656051,0.7537993920972644,0.45810988713143475,0.45810988713143475,0.4717735472024682,0.5349922239502333,-0.04860943938816205,other,5,acute_selloff,non_overlapping,ridge_down,0,
4602,1.0,0.32420686657974795,0.14254671881790526,0.4009146341463415,0.17627345844504022,0.8736334405144695,0.5249534494797549,0.5249534494797549,0.33772841005830967,0.3524554541503694,-0.05680421009112135,other,5,correction,non_overlapping,general_logistic_down,4,1.0
4602,1.0,0.32420686657974795,0.0,,0.0,1.0,0.5,0.5,0.32420686657974795,0.32420686657974795,,other,5,correction,non_overlapping,negative_baseline,4,0.5
4602,1.0,0.32420686657974795,0.34419817470664926,0.48169191919191917,0.5113941018766756,0.7360128617363344,0.623703481806505,0.67441962707861,0.4929485565694378,0.22583266202617794,-0.070010738562944,other,5,correction,non_overlapping,pressure_downside_logistic_v1,4,1.0
4602,1.0,0.32420686657974795,0.34984789222077356,0.3093167701863354,0.33378016085790885,0.6424437299035369,0.4881119453807229,0.4881119453807229,0.319236847810365,0.4576271186440678,-0.04482954247027702,other,5,correction,non_overlapping,ridge_down,0,
6341,1.0,0.2677811070809021,0.13530988803027913,0.38578088578088576,0.19493521790341578,0.8864958001292268,0.5407155090163213,0.5407155090163214,0.29078341965433824,0.2986910581927141,-0.05447133733006676,other,5,under_pressure,non_overlapping,general_logistic_down,4,1.0
6341,1.0,0.2677811070809021,0.0,,0.0,1.0,0.5,0.5,0.2677811070809021,0.2677811070809021,,other,5,under_pressure,non_overlapping,negative_baseline,4,1.0
6341,1.0,0.2677811070809021,0.2428639015928087,0.509090909090909,0.4617196702002356,0.837174240792591,0.6494469554964133,0.7175577708961678,0.4859833326906473,0.19887579395632524,-0.06705052013996858,other,5,under_pressure,non_overlapping,pressure_downside_logistic_v1,4,1.0
6341,1.0,0.2677811070809021,0.2589496924775272,0.20036540803897684,0.19375736160188456,0.7172087012707301,0.4554830314363073,0.4554830314363073,0.2547188191039919,0.42296167796877465,-0.03197999191441344,other,5,under_pressure,non_overlapping,ridge_down,0,
147043,1.0,0.37336697428643323,0.09803254830219732,0.3701005896635449,0.09717491484672411,0.9014564476568774,0.49931568125180076,0.4993156812518007,0.3730495636388474,0.3988357147229042,-0.10668020749463401,all,20,all_pressure,overlapping,general_logistic_down,4,0.75
147043,1.0,0.37336697428643323,0.0,,0.0,1.0,0.5,0.5,0.37336697428643323,0.37336697428643323,,all,20,all_pressure,overlapping,negative_baseline,4,1.0
147043,1.0,0.37336697428643323,0.42814006787130293,0.5033436581685331,0.5771843864410484,0.6606650604501747,0.6189247234456116,0.6589150118009,0.5208067105760646,0.23548783769178636,-0.12885679952891413,all,20,all_pressure,overlapping,pressure_downside_logistic_v1,4,1.0
147043,1.0,0.37336697428643323,0.20173010615942275,0.29336210093382326,0.158503488096756,0.7725141629224458,0.4655088255096009,0.4655088255096009,0.36068592279530537,0.45673714491679307,-0.08249817404010801,all,20,all_pressure,overlapping,ridge_down,0,
10720,1.0,0.45755597014925375,0.047201492537313434,0.7154150197628458,0.07380224260958206,0.9752364574376612,0.5245193500236216,0.5245193500236216,0.47658654628791236,0.4372201492537313,-0.2659326104725793,all,20,acute_selloff,overlapping,general_logistic_down,4,1.0
10720,1.0,0.45755597014925375,0.0,,0.0,1.0,0.5,0.5,0.45755597014925375,0.45755597014925375,,all,20,acute_selloff,overlapping,negative_baseline,4,0.5
10720,1.0,0.45755597014925375,0.6466417910447761,0.4476341604154645,0.6326197757390418,0.341530524505589,0.4870751501223154,0.5169592857587367,0.5098215408918494,0.2962841825627192,-0.12560960060935997,all,20,acute_selloff,overlapping,pressure_downside_logistic_v1,4,0.5
10720,1.0,0.45755597014925375,0.1478544776119403,0.4138801261829653,0.13374108053007136,0.8402407566638005,0.48699091859693594,0.48699091859693594,0.4517147155841395,0.4830223880597015,-0.1207327040052686,all,20,acute_selloff,overlapping,ridge_down,0,
57645,1.0,0.4044756700494405,0.04538121259432735,0.3730886850152905,0.04185966718133471,0.952226980104285,0.49704332364280984,0.49704332364280984,0.4031618213020855,0.415994448781334,-0.10974825075204035,all,20,correction,overlapping,general_logistic_down,4,0.5
57645,1.0,0.4044756700494405,0.0,,0.0,1.0,0.5,0.5,0.4044756700494405,0.4044756700494405,,all,20,correction,overlapping,negative_baseline,4,0.75
57645,1.0,0.4044756700494405,0.5232890970595888,0.49922095143378087,0.645865500085778,0.5599638789361764,0.6029146895109772,0.6352195546908841,0.5139303549370163,0.25091149023575526,-0.13000624589281645,all,20,correction,overlapping,pressure_downside_logistic_v1,4,1.0
57645,1.0,0.4044756700494405,0.2024113106080319,0.3362187178608159,0.16825355978727055,0.7743890005534679,0.47132128017036923,0.47132128017036923,0.3929911948634749,0.47077803799115275,-0.09045255897551294,all,20,correction,overlapping,ridge_down,0,
78678,1.0,0.3391036884516637,0.14353440606014387,0.35393606658992294,0.14981259370314842,0.8596869110350398,0.5047497523690941,0.5047497523690941,0.3413257654913422,0.38103408830931135,-0.09883395609392429,all,20,under_pressure,overlapping,general_logistic_down,4,0.75
78678,1.0,0.3391036884516637,0.0,,0.0,1.0,0.5,0.5,0.3391036884516637,0.3391036884516637,,all,20,under_pressure,overlapping,negative_baseline,4,1.0
78678,1.0,0.3391036884516637,0.3286560410788276,0.5230876324541728,0.5069715142428786,0.7628370321935459,0.6349042732182122,0.6896411805539978,0.5351278376752718,0.21590379554641556,-0.12838640480941677,all,20,under_pressure,overlapping,pressure_downside_logistic_v1,4,1.0
78678,1.0,0.3391036884516637,0.20857164645771373,0.251249238269348,0.1545352323838081,0.7637024500942344,0.45911884123902125,0.45911884123902125,0.3255270805767879,0.4428684003152088,-0.0731493932100602,all,20,under_pressure,overlapping,ridge_down,0,
32122,1.0,0.4235103667268539,0.11110765207645851,0.386102549733819,0.10129373713613643,0.8816826871152392,0.49148821212568783,0.49148821212568783,0.4197211891455247,0.44882012327999504,-0.10676399081483284,semiconductor,20,all_pressure,overlapping,general_logistic_down,4,0.75
32122,1.0,0.4235103667268539,0.0,,0.0,1.0,0.5,0.5,0.4235103667268539,0.4235103667268539,,semiconductor,20,all_pressure,overlapping,negative_baseline,4,0.25
32122,1.0,0.4235103667268539,0.5393811095199552,0.4933048597483551,0.628271096736254,0.5259207257803219,0.577095911258288,0.6039810903884961,0.5116620479868137,0.2539375140151398,-0.12180199774649665,semiconductor,20,all_pressure,overlapping,pressure_downside_logistic_v1,4,1.0
32122,1.0,0.4235103667268539,0.14896332731461304,0.4169278996865204,0.14664804469273743,0.8493357814018793,0.49799191304730833,0.49799191304730833,0.4225450608061346,0.44825975966627235,-0.10287489850404345,semiconductor,20,all_pressure,overlapping,ridge_down,0,
2373,1.0,0.460598398651496,0.04804045512010114,0.7105263157894737,0.07410795974382434,0.97421875,0.5241633548719122,0.5241633548719122,0.4791200466736151,0.4403708386009271,-0.2394306385522074,semiconductor,20,acute_selloff,overlapping,general_logistic_down,4,0.625
2373,1.0,0.460598398651496,0.0,,0.0,1.0,0.5,0.5,0.460598398651496,0.460598398651496,,semiconductor,20,acute_selloff,overlapping,negative_baseline,4,0.25
2373,1.0,0.460598398651496,0.7286135693215339,0.45286292654713706,0.716376944190302,0.2609375,0.48865722209515094,0.5127230100640439,0.4856596571864723,0.2936650820849215,-0.11500735731307678,semiconductor,20,acute_selloff,overlapping,pressure_downside_logistic_v1,4,0.5
2373,1.0,0.460598398651496,0.09776654024441635,0.6120689655172413,0.12991765782250686,0.9296875,0.5298025789112535,0.5298025789112535,0.48027709992774104,0.438685208596713,-0.15867125047021868,semiconductor,20,acute_selloff,overlapping,ridge_down,0,
12548,1.0,0.4355275741153969,0.05498884284348103,0.30869565217391304,0.03897529734675206,0.9326556543837357,0.4858154758652439,0.4858154758652439,0.4305842622446675,0.45656678355116354,-0.09264138780698393,semiconductor,20,correction,overlapping,general_logistic_down,4,0.25
12548,1.0,0.4355275741153969,0.0,,0.0,1.0,0.5,0.5,0.4355275741153969,0.4355275741153969,,semiconductor,20,correction,overlapping,negative_baseline,4,0.0
12548,1.0,0.4355275741153969,0.639703538412496,0.4810016195340725,0.7064958828911253,0.4118311449950586,0.5591635139430919,0.5787954070665702,0.48324439665848795,0.26643478299242335,-0.12124191684294609,semiconductor,20,correction,overlapping,pressure_downside_logistic_v1,4,0.75
12548,1.0,0.4355275741153969,0.1357985336308575,0.4706572769953052,0.14675205855443732,0.8726528307214457,0.5097024446379416,0.5097024446379416,0.4406829303294292,0.44349697162894486,-0.11311070277304745,semiconductor,20,correction,overlapping,ridge_down,0,
17201,1.0,0.4096273472472531,0.16074646822859137,0.39204339963833634,0.15384615384615385,0.834465780403742,0.4941559671249479,0.4941559671249479,0.406922124538189,0.44433463170745885,-0.10481845672201372,semiconductor,20,under_pressure,overlapping,general_logistic_down,4,0.75
17201,1.0,0.4096273472472531,0.0,,0.0,1.0,0.5,0.5,0.4096273472472531,0.4096273472472531,,semiconductor,20,under_pressure,overlapping,negative_baseline,4,0.5
17201,1.0,0.4096273472472531,0.44009069240160453,0.5155878467635403,0.5539313085438546,0.6388970950270803,0.5964142017854674,0.6298074704414809,0.5462140579792099,0.23934015048066237,-0.12394779731349577,semiconductor,20,under_pressure,overlapping,pressure_downside_logistic_v1,4,1.0
17201,1.0,0.4096273472472531,0.16562990523806756,0.3689013689013689,0.14916264547260857,0.8229443623830626,0.4860535039278356,0.48605350392783553,0.4035525525777208,0.4530550549386664,-0.09220920382853082,semiconductor,20,under_pressure,overlapping,ridge_down,0,
58730,1.0,0.4081559679891027,0.09674782904818661,0.3954593453009504,0.09373826707271286,0.9011766736672516,0.4974574703699822,0.4974574703699823,0.40696580858063924,0.428384130767921,-0.11616448259912135,software,20,all_pressure,overlapping,general_logistic_down,4,0.75
58730,1.0,0.4081559679891027,0.0,,0.0,1.0,0.5,0.5,0.4081559679891027,0.4081559679891027,,software,20,all_pressure,overlapping,negative_baseline,4,0.75
58730,1.0,0.4081559679891027,0.4786821045462285,0.5353039519083698,0.6278002586458638,0.6241548951350729,0.6259775768904683,0.6687102912547807,0.5637351856225096,0.23647127800119674,-0.13801075913376967,software,20,all_pressure,overlapping,pressure_downside_logistic_v1,4,1.0
58730,1.0,0.4081559679891027,0.1839094159713945,0.31543375613369135,0.14213007383922238,0.7872781150205702,0.4647040944298963,0.4647040944298963,0.3949773531715571,0.4760429082240763,-0.08702143249421128,software,20,all_pressure,overlapping,ridge_down,0,
4152,1.0,0.470616570327553,0.0394990366088632,0.6036585365853658,0.05066530194472876,0.9704276615104641,0.5105464817275964,0.5105464817275964,0.4773571817193255,0.4624277456647399,-0.2054387537467208,software,20,acute_selloff,overlapping,general_logistic_down,4,0.75
4152,1.0,0.470616570327553,0.0,,0.0,1.0,0.5,0.5,0.470616570327553,0.470616570327553,,software,20,acute_selloff,overlapping,negative_baseline,4,0.5
4152,1.0,0.470616570327553,0.6623314065510597,0.4661818181818182,0.6560900716479018,0.3321201091901729,0.49410509041903733,0.5275047661268315,0.5325767757900671,0.2964302035285587,-0.1313708300358284,software,20,acute_selloff,overlapping,pressure_downside_logistic_v1,4,0.5
4152,1.0,0.470616570327553,0.1565510597302505,0.46923076923076923,0.15609007164790173,0.8430391264786169,0.49956459906325934,0.4995645990632593,0.4704002605350663,0.4802504816955684,-0.1301287466100674,software,20,acute_selloff,overlapping,ridge_down,0,
23113,1.0,0.45104486652533204,0.04309263185220439,0.38353413654618473,0.03664268585131895,0.9516078184110971,0.494125252131208,0.494125252131208,0.4485710920551129,0.4610825076796608,-0.1250753699693715,software,20,correction,overlapping,general_logistic_down,4,0.5
23113,1.0,0.45104486652533204,0.0,,0.0,1.0,0.5,0.5,0.45104486652533204,0.45104486652533204,,software,20,correction,overlapping,negative_baseline,4,0.5
23113,1.0,0.45104486652533204,0.5834811577899883,0.5422660536853032,0.7014868105515587,0.5134773013871374,0.6074820559693481,0.6422605018129254,0.563523697845365,0.24941031761496857,-0.1420259594274472,software,20,correction,overlapping,pressure_downside_logistic_v1,4,1.0
23113,1.0,0.45104486652533204,0.181023666334963,0.37165391969407263,0.14916067146282974,0.792796343001261,0.4709785072320454,0.4709785072320454,0.43920285958791155,0.4975122225587332,-0.09755601752496154,software,20,correction,overlapping,ridge_down,0,
31465,1.0,0.36840934371523915,0.14371523915461623,0.39053516143299427,0.1523464458247067,0.8613193780506214,0.506832911937664,0.506832911937664,0.3717801334055045,0.3998728746225965,-0.11096407917387247,software,20,under_pressure,overlapping,general_logistic_down,4,0.75
31465,1.0,0.36840934371523915,0.0,,0.0,1.0,0.5,0.5,0.36840934371523915,0.36840934371523915,,software,20,under_pressure,overlapping,negative_baseline,4,0.75
31465,1.0,0.36840934371523915,0.377467026855236,0.5434032163004126,0.5567632850241546,0.7271171941830624,0.6419402396036085,0.6971096648326951,0.5722626620552939,0.21905479996583313,-0.13498902080412442,software,20,under_pressure,overlapping,pressure_downside_logistic_v1,4,1.0
31465,1.0,0.36840934371523915,0.18963928174161768,0.25925925925925924,0.13345410628019325,0.7775876817792986,0.45552089402974594,0.45552089402974594,0.3538428167437587,0.4597171460352773,-0.0749389022538953,software,20,under_pressure,overlapping,ridge_down,0,
56191,1.0,0.3083411934295528,0.09190083821252513,0.33113865220759103,0.09869560198545539,0.911128264505339,0.5049119332453972,0.5049119332453972,0.31059120234738985,0.339378192237191,-0.09618666105515174,other,20,all_pressure,overlapping,general_logistic_down,4,1.0
56191,1.0,0.3083411934295528,0.0,,0.0,1.0,0.5,0.5,0.3083411934295528,0.3083411934295528,,other,20,all_pressure,overlapping,negative_baseline,4,1.0
56191,1.0,0.3083411934295528,0.31172251784093535,0.46197762046129254,0.4670437492785409,0.7575196191946482,0.6122816842365946,0.6508420813193552,0.4574735168335331,0.22391306678131276,-0.12114306518950228,other,20,all_pressure,overlapping,pressure_downside_logistic_v1,4,1.0
56191,1.0,0.3083411934295528,0.2505205459949102,0.2344249484975492,0.1904651968140367,0.7227068056091599,0.4565860012115983,0.4565860012115983,0.29426272129082415,0.44140520723959353,-0.0721011902280244,other,20,all_pressure,overlapping,ridge_down,0,
4195,1.0,0.4429082240762813,0.05435041716328963,0.7982456140350878,0.09795479009687837,0.9803166452717159,0.5391357176842971,0.5391357176842971,0.4777152235232688,0.41048867699642433,-0.32269672144610206,other,20,acute_selloff,overlapping,general_logistic_down,4,1.0
4195,1.0,0.4429082240762813,0.0,,0.0,1.0,0.5,0.5,0.4429082240762813,0.4429082240762813,,other,20,acute_selloff,overlapping,negative_baseline,4,0.75
4195,1.0,0.4429082240762813,0.5847437425506555,0.42315532001630657,0.5586652314316469,0.394522892597347,0.47659406201449694,0.4976670521903225,0.49542688478319463,0.29762121388182494,-0.1266238271631657,other,20,acute_selloff,overlapping,pressure_downside_logistic_v1,4,0.5
4195,1.0,0.4429082240762813,0.16758045292014304,0.2972972972972973,0.11248654467168999,0.7886178861788617,0.45055221542527585,0.4505522154252759,0.42652895405647095,0.5108462455303934,-0.09952478014611123,other,20,acute_selloff,overlapping,ridge_down,0,
21984,1.0,0.3377911208151383,0.04230349344978166,0.4096774193548387,0.05130622138432534,0.9622887759307597,0.5067974986575425,0.5067974986575425,0.34147933516251583,0.3454330422125182,-0.10602558913013399,other,20,correction,overlapping,general_logistic_down,4,0.75
21984,1.0,0.3377911208151383,0.0,,0.0,1.0,0.5,0.5,0.3377911208151383,0.3377911208151383,,other,20,correction,overlapping,negative_baseline,4,0.75
21984,1.0,0.3377911208151383,0.3935589519650655,0.44902912621359226,0.5231618637220576,0.6725511746118973,0.5978565191669775,0.6235908081595809,0.45374725319995834,0.24362939076675838,-0.11940215580442985,other,20,correction,overlapping,pressure_downside_logistic_v1,4,1.0
21984,1.0,0.3377911208151383,0.2629184861717613,0.2709342560553633,0.21088068946943173,0.7105371616980355,0.4607089255837336,0.46070892558373355,0.32369229907883235,0.45824235807860264,-0.07863069952881886,other,20,correction,overlapping,ridge_down,0,
30012,1.0,0.2679594828735173,0.13347994135679062,0.28632051922116825,0.14262621238497886,0.8698680018206646,0.5062471071028217,0.5062471071028217,0.27057824794324564,0.3250033320005331,-0.08101080062607781,other,20,under_pressure,overlapping,general_logistic_down,4,1.0
30012,1.0,0.2679594828735173,0.0,,0.0,1.0,0.5,0.5,0.2679594828735173,0.2679594828735173,,other,20,under_pressure,overlapping,negative_baseline,4,1.0
30012,1.0,0.2679594828735173,0.21361455417832867,0.4943066604273904,0.3940562049241482,0.8524351388256713,0.6232456718749098,0.6848557136933693,0.4607015576775188,0.19916798669392483,-0.12139544997787394,other,20,under_pressure,overlapping,pressure_downside_logistic_v1,4,1.0
30012,1.0,0.2679594828735173,0.2530321204851393,0.2008164340268633,0.18962944541158916,0.7237596722803823,0.45669455884598575,0.45669455884598575,0.25522718375748304,0.4193655870984939,-0.06459271676594816,other,20,under_pressure,overlapping,ridge_down,0,
7635,1.0,0.3756385068762279,0.10255402750491159,0.4942528735632184,0.13493723849372385,0.9169288860918817,0.5259330622928028,0.5259330622928027,0.39164400196265237,0.3768172888015717,-0.14685191888742027,all,20,all_pressure,non_overlapping,general_logistic_down,4,1.0
7635,1.0,0.3756385068762279,0.0,,0.0,1.0,0.5,0.5,0.3756385068762279,0.3756385068762279,,all,20,all_pressure,non_overlapping,negative_baseline,4,1.0
7635,1.0,0.3756385068762279,0.4172888015717092,0.4943502824858757,0.549163179916318,0.6620516047828823,0.6056073923496001,0.6420963042348035,0.5171149619959441,0.23779178881017532,-0.12632352663447302,all,20,all_pressure,non_overlapping,pressure_downside_logistic_v1,4,1.0
7635,1.0,0.3756385068762279,0.2357563850687623,0.2638888888888889,0.16562064156206416,0.7220474092720789,0.4438340254170715,0.44383402541707156,0.3571304634508492,0.48696791093647673,-0.07778165443154822,all,20,all_pressure,non_overlapping,ridge_down,0,
207,1.0,0.9178743961352657,0.391304347826087,0.8888888888888888,0.37894736842105264,0.47058823529411764,0.4247678018575851,0.42476780185758517,0.9068904144419017,0.6135265700483091,-0.37723417042555596,all,20,acute_selloff,non_overlapping,general_logistic_down,1,1.0
207,1.0,0.9178743961352657,0.0,,0.0,1.0,0.5,0.5,0.9178743961352657,0.9178743961352657,,all,20,acute_selloff,non_overlapping,negative_baseline,1,1.0
207,1.0,0.9178743961352657,0.16908212560386474,0.7428571428571429,0.1368421052631579,0.47058823529411764,0.30371517027863776,0.28606811145510835,0.8612791039901314,0.45548057654984236,-0.32111746847614325,all,20,acute_selloff,non_overlapping,pressure_downside_logistic_v1,1,1.0
207,1.0,0.9178743961352657,0.19806763285024154,0.8780487804878049,0.18947368421052632,0.7058823529411765,0.44767801857585143,0.4476780185758513,0.9103284900125889,0.7681159420289855,-0.32495390825955656,all,20,acute_selloff,non_overlapping,ridge_down,0,
2968,1.0,0.3621967654986523,0.026954177897574125,0.375,0.027906976744186046,0.9735868991019546,0.5007469379230703,0.5007469379230702,0.36255406506613175,0.3689353099730458,-0.11172854223230985,all,20,correction,non_overlapping,general_logistic_down,3,0.6666666666666666
2968,1.0,0.3621967654986523,0.0,,0.0,1.0,0.5,0.5,0.3621967654986523,0.3621967654986523,,all,20,correction,non_overlapping,negative_baseline,3,0.6666666666666666
2968,1.0,0.3621967654986523,0.5876010781671159,0.4294724770642202,0.6967441860465117,0.47437929212889596,0.5855617390877038,0.6322171034042188,0.4962113242784605,0.262094359314086,-0.11622123392191738,all,20,correction,non_overlapping,pressure_downside_logistic_v1,3,0.6666666666666666
2968,1.0,0.3621967654986523,0.2169811320754717,0.27639751552795033,0.1655813953488372,0.7538298996302166,0.4597056474895269,0.4597056474895269,0.3479900059686198,0.45923180592991913,-0.0749026558711705,all,20,correction,non_overlapping,ridge_down,0,
4460,1.0,0.3594170403587444,0.13946188340807175,0.45819935691318325,0.17779164067373673,0.8820441022051102,0.5299178714394235,0.5299178714394235,0.3769797104885105,0.3710762331838565,-0.12136784775851328,all,20,under_pressure,non_overlapping,general_logistic_down,4,1.0
4460,1.0,0.3594170403587444,0.0,,0.0,1.0,0.5,0.5,0.3594170403587444,0.3594170403587444,,all,20,under_pressure,non_overlapping,negative_baseline,4,1.0
4460,1.0,0.3594170403587444,0.31547085201793723,0.5685856432125089,0.4990642545227698,0.7875393769688485,0.6433018157458091,0.7120722848369492,0.5644458329987796,0.21151564344745827,-0.1339998667384095,all,20,under_pressure,non_overlapping,pressure_downside_logistic_v1,4,1.0
4460,1.0,0.3594170403587444,0.25,0.23408071748878923,0.16281971303805365,0.7010850542527126,0.43195238364538313,0.4319523836453832,0.33900981623581344,0.4923766816143498,-0.07035565682252125,all,20,under_pressure,non_overlapping,ridge_down,0,
1666,1.0,0.42136854741896757,0.12004801920768307,0.46,0.13105413105413105,0.8879668049792531,0.5095104680166921,0.5095104680166921,0.4264313588683336,0.4309723889555822,-0.1354350043590901,semiconductor,20,all_pressure,non_overlapping,general_logistic_down,4,1.0
1666,1.0,0.42136854741896757,0.0,,0.0,1.0,0.5,0.5,0.42136854741896757,0.42136854741896757,,semiconductor,20,all_pressure,non_overlapping,negative_baseline,4,1.0
1666,1.0,0.42136854741896757,0.5108043217286915,0.4794359576968273,0.5811965811965812,0.5404564315352697,0.5608265063659255,0.5759182418933456,0.4930388509050908,0.2596737730178184,-0.12150957257152178,semiconductor,20,all_pressure,non_overlapping,pressure_downside_logistic_v1,4,0.75
1666,1.0,0.42136854741896757,0.1674669867947179,0.3118279569892473,0.12393162393162394,0.8008298755186722,0.4623807497251481,0.4623807497251481,0.40779300416058345,0.4843937575030012,-0.092652615840415,semiconductor,20,all_pressure,non_overlapping,ridge_down,0,
50,1.0,0.82,0.42,0.8571428571428571,0.43902439024390244,0.6666666666666666,0.5528455284552846,0.5528455284552846,0.8363066202090592,0.52,-0.31637020932710447,semiconductor,20,acute_selloff,non_overlapping,general_logistic_down,1,1.0
50,1.0,0.82,0.0,,0.0,1.0,0.5,0.5,0.82,0.82,,semiconductor,20,acute_selloff,non_overlapping,negative_baseline,1,1.0
50,1.0,0.82,0.18,0.4444444444444444,0.0975609756097561,0.4444444444444444,0.27100271002710025,0.26558265582655827,0.6965742783201261,0.42961620453967053,-0.24447867718611288,semiconductor,20,acute_selloff,non_overlapping,pressure_downside_logistic_v1,1,1.0
50,1.0,0.82,0.2,0.5,0.12195121951219512,0.4444444444444444,0.28319783197831977,0.2831978319783198,0.7809756097560976,0.82,-0.2591200197044702,semiconductor,20,acute_selloff,non_overlapping,ridge_down,0,
643,1.0,0.3561430793157076,0.03265940902021773,0.23809523809523808,0.021834061135371178,0.961352657004831,0.4915933590701011,0.49159335907010104,0.3535656155336013,0.37325038880248834,-0.07496537437393642,semiconductor,20,correction,non_overlapping,general_logistic_down,3,0.3333333333333333
643,1.0,0.3561430793157076,0.0,,0.0,1.0,0.5,0.5,0.3561430793157076,0.3561430793157076,,semiconductor,20,correction,non_overlapping,negative_baseline,3,0.5
643,1.0,0.3561430793157076,0.6889580093312597,0.40632054176072235,0.7860262008733624,0.3647342995169082,0.5753802501951353,0.5910490897200599,0.4350315021333943,0.2836236148262942,-0.10688976955173334,semiconductor,20,correction,non_overlapping,pressure_downside_logistic_v1,3,0.6666666666666666
643,1.0,0.3561430793157076,0.1150855365474339,0.35135135135135137,0.11353711790393013,0.8840579710144928,0.4987975444592115,0.4987975444592115,0.3555990403328549,0.39035769828926903,-0.09042480507520338,semiconductor,20,correction,non_overlapping,ridge_down,0,
973,1.0,0.44398766700924974,0.16238437821171633,0.43670886075949367,0.1597222222222222,0.8354898336414048,0.4976060279318135,0.4976060279318136,0.4428250798999137,0.4645426515930113,-0.1194237570512415,semiconductor,20,under_pressure,non_overlapping,general_logistic_down,4,0.75
973,1.0,0.44398766700924974,0.0,,0.0,1.0,0.5,0.5,0.44398766700924974,0.44398766700924974,,semiconductor,20,under_pressure,non_overlapping,negative_baseline,4,0.5
973,1.0,0.44398766700924974,0.41007194244604317,0.5614035087719298,0.5185185185185185,0.6765249537892791,0.5975217361538988,0.6410154378037928,0.5815386693749021,0.23511378344028241,-0.13496784524378988,semiconductor,20,under_pressure,non_overlapping,pressure_downside_logistic_v1,4,1.0
973,1.0,0.44398766700924974,0.20041109969167523,0.28717948717948716,0.12962962962962962,0.7430683918669131,0.43634901074827137,0.43634901074827137,0.4236606807350212,0.5292908530318602,-0.08496125152238991,semiconductor,20,under_pressure,non_overlapping,ridge_down,0,
3053,1.0,0.401572224041926,0.10547002947920078,0.5186335403726708,0.1362153344208809,0.9151614668856048,0.5256884006532428,0.525688400653243,0.4175177703936669,0.39764166393711103,-0.1417560704577699,software,20,all_pressure,non_overlapping,general_logistic_down,4,0.75
3053,1.0,0.401572224041926,0.0,,0.0,1.0,0.5,0.5,0.401572224041926,0.401572224041926,,software,20,all_pressure,non_overlapping,negative_baseline,4,0.75
3053,1.0,0.401572224041926,0.4755977726826073,0.509641873278237,0.6035889070146819,0.6102900930487137,0.6069395000316978,0.6500552256304071,0.551718940530016,0.240762872449689,-0.1328746552708371,software,20,all_pressure,non_overlapping,pressure_downside_logistic_v1,4,1.0
3053,1.0,0.401572224041926,0.2243694726498526,0.2875912408759124,0.16068515497553018,0.7328954570333881,0.4467903060044591,0.4467903060044591,0.3832571720976318,0.49688830658368816,-0.0823035559849477,software,20,all_pressure,non_overlapping,ridge_down,0,
76,1.0,0.9473684210526315,0.18421052631578946,0.8571428571428571,0.16666666666666666,0.5,0.3333333333333333,0.33333333333333337,0.9323308270676691,0.8157894736842105,-0.3160094647806555,software,20,acute_selloff,non_overlapping,general_logistic_down,1,0.0
76,1.0,0.9473684210526315,0.0,,0.0,1.0,0.5,0.5,0.9473684210526315,0.9473684210526315,,software,20,acute_selloff,non_overlapping,negative_baseline,1,0.0
76,1.0,0.9473684210526315,0.18421052631578946,0.8571428571428571,0.16666666666666666,0.5,0.3333333333333333,0.2604166666666667,0.9187575845928104,0.45722920867620526,-0.3211071532801399,software,20,acute_selloff,non_overlapping,pressure_downside_logistic_v1,1,0.0
76,1.0,0.9473684210526315,0.3157894736842105,1.0,0.3333333333333333,1.0,0.6666666666666666,0.6666666666666666,0.9649122807017545,0.631578947368421,-0.3359652045242018,software,20,acute_selloff,non_overlapping,ridge_down,0,
1180,1.0,0.4211864406779661,0.029661016949152543,0.5142857142857142,0.03621730382293763,0.9751098096632503,0.5056635567430939,0.505663556743094,0.42455824535591274,0.42033898305084744,-0.1432668873804581,software,20,correction,non_overlapping,general_logistic_down,3,0.6666666666666666
1180,1.0,0.4211864406779661,0.0,,0.0,1.0,0.5,0.5,0.4211864406779661,0.4211864406779661,,software,20,correction,non_overlapping,negative_baseline,3,0.6666666666666666
1180,1.0,0.4211864406779661,0.6415254237288136,0.47291941875825627,0.7203219315895373,0.4158125915080527,0.5680672615487949,0.6226730809454089,0.5466437953462988,0.2623930124584305,-0.1307962628610908,software,20,correction,non_overlapping,pressure_downside_logistic_v1,3,0.6666666666666666
1180,1.0,0.4211864406779661,0.2,0.3177966101694915,0.15090543259557343,0.7642752562225475,0.4575903444090605,0.4575903444090605,0.4055843535791017,0.4940677966101695,-0.08216572086881066,software,20,correction,non_overlapping,ridge_down,0,
1797,1.0,0.3656093489148581,0.15191986644407346,0.5018315018315018,0.2085235920852359,0.8807017543859649,0.5446126732356004,0.5446126732356004,0.3940148815626209,0.36505286588759045,-0.13262630447676446,software,20,under_pressure,non_overlapping,general_logistic_down,4,1.0
1797,1.0,0.3656093489148581,0.0,,0.0,1.0,0.5,0.5,0.3656093489148581,0.3656093489148581,,software,20,under_pressure,non_overlapping,negative_baseline,4,0.75
1797,1.0,0.3656093489148581,0.3789649415692821,0.5433186490455213,0.563165905631659,0.7271929824561404,0.6451794440438997,0.7085996955859969,0.5665801394629,0.2174044936163388,-0.13131531324741227,software,20,under_pressure,non_overlapping,pressure_downside_logistic_v1,4,1.0
1797,1.0,0.3656093489148581,0.23650528658875905,0.23058823529411765,0.1491628614916286,0.7131578947368421,0.43116037811423535,0.4311603781142354,0.34546921324540214,0.49304396215915414,-0.06805567250839764,software,20,under_pressure,non_overlapping,ridge_down,0,
2916,1.0,0.3223593964334705,0.08950617283950617,0.4904214559386973,0.13617021276595745,0.9326923076923077,0.5344312602291326,0.5344312602291326,0.3452444428341822,0.32407407407407407,-0.1618873445579699,other,20,all_pressure,non_overlapping,general_logistic_down,4,1.0
2916,1.0,0.3223593964334705,0.0,,0.0,1.0,0.5,0.5,0.3223593964334705,0.3223593964334705,,other,20,all_pressure,non_overlapping,negative_baseline,4,1.0
2916,1.0,0.3223593964334705,0.30281207133058985,0.48357870894677235,0.4542553191489362,0.7692307692307693,0.6117430441898527,0.6480806917047118,0.48291596764796063,0.22217927027746998,-0.12019038521609354,other,20,all_pressure,non_overlapping,pressure_downside_logistic_v1,4,1.0
2916,1.0,0.3223593964334705,0.28669410150891633,0.2284688995215311,0.20319148936170212,0.673582995951417,0.4383872426565596,0.4383872426565596,0.30328164652902323,0.4780521262002744,-0.06911359127705965,other,20,all_pressure,non_overlapping,ridge_down,0,
81,1.0,0.9506172839506173,0.5679012345679012,0.9130434782608695,0.5454545454545454,0.0,0.2727272727272727,0.2727272727272727,0.9301224808471185,0.48148148148148145,-0.42365349786242745,other,20,acute_selloff,non_overlapping,general_logistic_down,1,0.0
81,1.0,0.9506172839506173,0.0,,0.0,1.0,0.5,0.5,0.9506172839506173,0.9506172839506173,,other,20,acute_selloff,non_overlapping,negative_baseline,1,0.0
81,1.0,0.9506172839506173,0.14814814814814814,0.8333333333333334,0.12987012987012986,0.5,0.31493506493506496,0.35064935064935066,0.9367695932443558,0.46980554641286704,-0.37860859633900296,other,20,acute_selloff,non_overlapping,pressure_downside_logistic_v1,1,0.0
81,1.0,0.9506172839506173,0.08641975308641975,1.0,0.09090909090909091,1.0,0.5454545454545454,0.5454545454545454,0.9551066217732884,0.8641975308641975,-0.38124930471661045,other,20,acute_selloff,non_overlapping,ridge_down,0,
1145,1.0,0.30480349344978164,0.02096069868995633,0.2916666666666667,0.02005730659025788,0.9786432160804021,0.49935026133532995,0.49935026133532995,0.3045400040873696,0.31353711790393013,-0.09790289410067048,other,20,correction,non_overlapping,general_logistic_down,3,0.6666666666666666
1145,1.0,0.30480349344978164,0.0,,0.0,1.0,0.5,0.5,0.30480349344978164,0.30480349344978164,,other,20,correction,non_overlapping,negative_baseline,3,1.0
1145,1.0,0.30480349344978164,0.47510917030567684,0.38786764705882354,0.6045845272206304,0.5816582914572864,0.5931214093389584,0.6390656722005443,0.4668856270373104,0.24969634882965253,-0.10353840636500058,other,20,correction,non_overlapping,pressure_downside_logistic_v1,3,0.6666666666666666
1145,1.0,0.30480349344978164,0.29170305676855895,0.23053892215568864,0.22063037249283668,0.6771356783919598,0.4488830254423982,0.4488830254423982,0.2884184734221451,0.46200873362445416,-0.06633163077972885,other,20,correction,non_overlapping,ridge_down,0,
1690,1.0,0.30414201183431955,0.11301775147928994,0.41361256544502617,0.15369649805447472,0.9047619047619048,0.5292292014081897,0.5292292014081896,0.3209672525643698,0.32366863905325444,-0.10688411816514343,other,20,under_pressure,non_overlapping,general_logistic_down,4,1.0
1690,1.0,0.30414201183431955,0.0,,0.0,1.0,0.5,0.5,0.30414201183431955,0.30414201183431955,,other,20,under_pressure,non_overlapping,negative_baseline,4,0.75
1690,1.0,0.30414201183431955,0.19349112426035503,0.6299694189602446,0.40077821011673154,0.8971088435374149,0.6489435268270732,0.7373987532756293,0.5550737143425579,0.19166756417734213,-0.13840952271309548,other,20,under_pressure,non_overlapping,pressure_downside_logistic_v1,4,1.0
1690,1.0,0.30414201183431955,0.29289940828402367,0.21616161616161617,0.20817120622568094,0.6700680272108843,0.43911961671828265,0.43911961671828265,0.28582702674292015,0.47041420118343197,-0.06657667170540639,other,20,under_pressure,non_overlapping,ridge_down,0,
