scope,horizon,sample_mode,fold,specification,sample_count,balanced_accuracy,macro_f1,down_precision,down_recall,down_coverage,mean_return_predicted_down,median_return_predicted_down,mean_mae_predicted_down
all,5,overlapping,0,logistic_global,384686,0.4007685561006345,0.3548046160766105,0.4178393372222683,0.3038146865095585,0.2820820097430112,0.009160915184725359,0.0036804201877662646,-0.061159885875804426
all,5,overlapping,0,logistic_regime_prior,384686,0.4005591720125598,0.355983817761879,0.42286428537089565,0.2946950864050282,0.2703633612868677,0.008422123543856037,0.0029190100722527035,-0.06173878186012003
all,5,overlapping,0,majority_baseline,384686,0.3333333333333333,0.20269959782830904,0.0,0.0,0.0,,,
all,5,overlapping,0,ridge_current,384686,0.3534908724749677,0.32683295650682276,0.37602870021918033,0.24370975415273488,0.251436236307014,0.0037013286740560122,0.00248522339295143,-0.041681809523319964
all,5,overlapping,1,logistic_global,66607,0.3891063694744205,0.3466175888256715,0.3738417070475219,0.364710760937176,0.35320611947693187,0.0115790611412421,0.008449630875514536,-0.053585072115114186
all,5,overlapping,1,logistic_regime_prior,66607,0.39228396156505446,0.3475257582091172,0.3822414726583649,0.3513166079203815,0.33275781824733136,0.008988609559719522,0.006695187165775329,-0.053427918494636274
all,5,overlapping,1,majority_baseline,66607,0.3333333333333333,0.20714800671958164,0.0,0.0,0.0,,,
all,5,overlapping,1,ridge_current,66607,0.3544757371233671,0.35248843898824966,0.3685641704533257,0.42716151772755545,0.419610551443542,0.0031903625172842376,0.0029353607359381417,-0.04130628625452589
all,5,overlapping,2,logistic_global,74196,0.3990493261893004,0.35954190429656774,0.40269156825048064,0.2569846110702142,0.24536363146261253,0.008940830763198586,0.00394836976377122,-0.056654829992023606
all,5,overlapping,2,logistic_regime_prior,74196,0.3978627042705822,0.3606560432868617,0.4126795550275408,0.26788656360640795,0.2495821877190145,0.007401205571993895,0.0030055255221114185,-0.0574796827809509
all,5,overlapping,2,majority_baseline,74196,0.3333333333333333,0.20034190612665612,0.0,0.0,0.0,,,
all,5,overlapping,2,ridge_current,74196,0.3424273683650114,0.3372698139203567,0.35597698700191777,0.29281032004767416,0.3162569410749906,0.006071999820249149,0.004060913705583813,-0.03998943440585122
all,5,overlapping,3,logistic_global,78662,0.40666509209783813,0.364519432498779,0.4602552619793999,0.253851616289481,0.22709821769087996,0.0006780069107035872,-0.0033487112461190183,-0.06410443657971067
all,5,overlapping,3,logistic_regime_prior,78662,0.39954835629222735,0.35834754656322715,0.4555178518737091,0.19065114699434993,0.17233225699829652,0.002516036616372923,-0.0029612208963810116,-0.06264539545058583
all,5,overlapping,3,majority_baseline,78662,0.3333333333333333,0.1992667724320695,0.0,0.0,0.0,,,
all,5,overlapping,3,ridge_current,78662,0.35608476257437544,0.3223775943309608,0.4141404358353511,0.26404026058229646,0.2625155729577178,-0.0014329672532033442,-0.0009376195698300727,-0.04274378018250877
all,5,overlapping,4,logistic_global,81443,0.39806529984850547,0.32882542204468546,0.43480973175296317,0.27214160213444394,0.2361897277850767,0.007983318547513028,0.0012312998654461227,-0.06358034310560974
all,5,overlapping,4,logistic_regime_prior,81443,0.39728998479365923,0.3224685015997109,0.4353585869333901,0.2662523589509989,0.23078717630735607,0.008268378936027864,0.0015529649333884121,-0.06534870609653741
all,5,overlapping,4,majority_baseline,81443,0.3333333333333333,0.20252464808799223,0.0,0.0,0.0,,,
all,5,overlapping,4,ridge_current,81443,0.3517817319674821,0.2959541758551974,0.35653303637713435,0.18751220147068393,0.1984700956497182,0.005638712478662276,0.003861008976086544,-0.03880816471908324
all,5,overlapping,5,logistic_global,83778,0.40795930816737735,0.3607977313851809,0.425476719897581,0.37727788731552847,0.3542934899376925,0.01324784522452805,0.004706385763547982,-0.06658601086236568
all,5,overlapping,5,logistic_regime_prior,83778,0.41268084014898054,0.3624361891581891,0.43614994672435503,0.4035370735496206,0.36967939077084677,0.011305545486481217,0.0026914861879403507,-0.06764526801169994
all,5,overlapping,5,majority_baseline,83778,0.3333333333333333,0.2045681443361519,0.0,0.0,0.0,,,
all,5,overlapping,5,ridge_current,83778,0.3785768119113379,0.2862383003376898,0.4004237288135593,0.10163111668757842,0.10141087158920002,0.007627945170106215,0.0018512309473278643,-0.05047735830796729
all,5,non_overlapping,0,logistic_global,77175,0.40555232015545717,0.360146896611,0.4216486337795709,0.3088418012693509,0.28263038548752834,0.008777761802808903,0.0031593280271466906,-0.061321447369022605
all,5,non_overlapping,0,logistic_regime_prior,77175,0.4059001986352068,0.36130330844575437,0.4229387291981846,0.30041304274824543,0.27407839326206673,0.008684648642193527,0.002999862341069859,-0.06089051061429624
all,5,non_overlapping,0,majority_baseline,77175,0.3333333333333333,0.20354534598328142,0.0,0.0,0.0,,,
all,5,non_overlapping,0,ridge_current,77175,0.35500849616390523,0.32932126173768556,0.37771725424925606,0.2514859464723463,0.25690962099125364,0.003549306816322105,0.002186370155767392,-0.04185238797660658
all,5,non_overlapping,1,logistic_global,13365,0.38459647812432607,0.344090452166353,0.3734866828087167,0.3734866828087167,0.3708193041526375,0.012054929672484758,0.007897266867264108,-0.05217556089023897
all,5,non_overlapping,1,logistic_regime_prior,13365,0.3859827908676506,0.34339873751318223,0.38004507273099775,0.3742937853107345,0.36520763187429856,0.0102064744930889,0.006705882352941117,-0.04980287419234808
all,5,non_overlapping,1,majority_baseline,13365,0.3333333333333333,0.20352080950895798,0.0,0.0,0.0,,,
all,5,non_overlapping,1,ridge_current,13365,0.3516644388499605,0.3491337565421251,0.3709097138941237,0.4368442292171106,0.43673774784885894,0.0033634226894718035,0.0019273865541751256,-0.04080503857580029
all,5,non_overlapping,2,logistic_global,14889,0.40506954216525565,0.366712393977284,0.41885093989939104,0.27633187772925766,0.2536772113640943,0.007049210737056414,0.0024375499697744107,-0.05816149167173458
all,5,non_overlapping,2,logistic_regime_prior,14889,0.4020776263594954,0.36376468563361736,0.4192665571975917,0.26759825327510917,0.2454160789844852,0.007351420719239854,0.0024060687978203488,-0.057909913351936446
all,5,non_overlapping,2,majority_baseline,14889,0.3333333333333333,0.20059163262431326,0.0,0.0,0.0,,,
all,5,non_overlapping,2,ridge_current,14889,0.34546469216355064,0.3408652420912914,0.36430921052631576,0.30951965065502185,0.32668412922291623,0.005105062558523165,0.0034096631584014103,-0.04063134633912392
all,5,non_overlapping,3,logistic_global,15779,0.4192515400210917,0.37406580365722847,0.465394474508687,0.2592827673754364,0.22251093225172697,-0.00108950180080084,-0.0035211267605633756,-0.06557249793250326
all,5,non_overlapping,3,logistic_regime_prior,15779,0.4163775395875446,0.371853243685963,0.46018376722817766,0.19073310060298318,0.16553647252677609,-0.0006531688462459824,-0.0035330076779594988,-0.06518365327440763
all,5,non_overlapping,3,majority_baseline,15779,0.3333333333333333,0.20591885302147664,0.0,0.0,0.0,,,
all,5,non_overlapping,3,ridge_current,15779,0.36246738492864544,0.3288740889604508,0.41934715272813916,0.27927642018406856,0.2659864376703213,-0.0019130878131446882,-0.0010849909584086381,-0.04382585559036002
all,5,non_overlapping,4,logistic_global,16337,0.40356486524475504,0.3349331844893257,0.4302477183833116,0.2721873968987133,0.23474322090959174,0.009454356371850294,0.001777777777777656,-0.0648521142527003
all,5,non_overlapping,4,logistic_regime_prior,16337,0.396489199333469,0.3198519300291848,0.4152475766308619,0.26146486308149125,0.23364142743465752,0.01267022124118604,0.004778156996587013,-0.06463911239224392
all,5,non_overlapping,4,majority_baseline,16337,0.3333333333333333,0.20407180881186995,0.0,0.0,0.0,,,
all,5,non_overlapping,4,ridge_current,16337,0.34789973452046463,0.293344223434941,0.3399938518290809,0.18244803695150116,0.19911856522005264,0.006827358482354926,0.004929679570828016,-0.039388498648635244
all,5,non_overlapping,5,logistic_global,16805,0.40757224537814896,0.364080430462076,0.43258328972614685,0.36828036828036825,0.3411484677179411,0.0126738573467185,0.0031180060064655013,-0.06634440568582427
all,5,non_overlapping,5,logistic_regime_prior,16805,0.4173456108061501,0.36941152727740767,0.4479638009049774,0.41164241164241167,0.3682237429336507,0.009754627879701933,0.0005495542420606014,-0.06727185420795405
all,5,non_overlapping,5,majority_baseline,16805,0.3333333333333333,0.20341272466644614,0.0,0.0,0.0,,,
all,5,non_overlapping,5,ridge_current,16805,0.3833457286054684,0.2917553072979932,0.40930787589498807,0.10187110187110188,0.09973222255281167,0.006997980986147048,0.0,-0.04888395920941655
semiconductor,5,overlapping,0,logistic_global,84382,0.37317780785016114,0.35886986873540483,0.41493219564223677,0.401060382916053,0.3888862553625181,0.009763642255764699,0.004366971827211907,-0.06069745036553175
semiconductor,5,overlapping,0,logistic_regime_prior,84382,0.37931996676273144,0.3588290988907699,0.42047118751989815,0.38901325478645066,0.37223578488303194,0.008649923281787923,0.0035879108899613543,-0.06181087880939475
semiconductor,5,overlapping,0,majority_baseline,84382,0.3333333333333333,0.20803643735698718,0.0,0.0,0.0,,,
semiconductor,5,overlapping,0,ridge_current,84382,0.34547224927997094,0.3256404571010927,0.40226669195751136,0.24986745213549338,0.24991111848498496,0.003936603772472996,0.0015572621851288604,-0.048011137374548145
semiconductor,5,overlapping,1,logistic_global,15177,0.362287665009178,0.34442207237637734,0.3615749961697564,0.4343025395656975,0.4300586413652237,0.01295442681997084,0.009561262026688944,-0.04804274297460123
semiconductor,5,overlapping,1,logistic_regime_prior,15177,0.38369795599755,0.355342639745587,0.37783333333333335,0.4171880750828119,0.39533504645186796,0.008836938550133712,0.006959505899421403,-0.04931424240379222
semiconductor,5,overlapping,1,majority_baseline,15177,0.3333333333333333,0.21387869566514514,0.0,0.0,0.0,,,
semiconductor,5,overlapping,1,ridge_current,15177,0.35807849675672393,0.35145095354425476,0.38106336489439185,0.4814133235185867,0.4523291823153456,0.0034859598576106755,0.0020058077208080505,-0.04367078690293614
semiconductor,5,overlapping,2,logistic_global,16269,0.38827938336135065,0.3708608771961597,0.4145164673799035,0.3034398034398034,0.29301124838650194,0.0033180767732863994,0.0023904271777515085,-0.05564873907003204
semiconductor,5,overlapping,2,logistic_regime_prior,16269,0.3887532657680324,0.36618095097044884,0.4178802588996764,0.31726044226044225,0.3038908353309976,0.002026860155032708,0.0022818988413408903,-0.055683382425156594
semiconductor,5,overlapping,2,majority_baseline,16269,0.3333333333333333,0.20328120994616763,0.0,0.0,0.0,,,
semiconductor,5,overlapping,2,ridge_current,16269,0.34474621164960295,0.33831063324893784,0.3842739378566899,0.27917690417690416,0.29079845104185875,0.00592341157237199,0.003454231433505983,-0.045528406649355466
semiconductor,5,overlapping,3,logistic_global,17025,0.36411317158418927,0.3491748108017397,0.4459023445902345,0.2825020441537204,0.2730690161527166,0.0026311775252535123,-0.0021739130434783593,-0.057880951370536476
semiconductor,5,overlapping,3,logistic_regime_prior,17025,0.3641929870218618,0.3391557654083266,0.44676470588235295,0.20700463341509948,0.19970631424375918,0.003140694693293994,-0.003133813361921367,-0.05757237313259464
semiconductor,5,overlapping,3,majority_baseline,17025,0.3333333333333333,0.19949235096384718,0.0,0.0,0.0,,,
semiconductor,5,overlapping,3,ridge_current,17025,0.34231282870534324,0.30788256827181953,0.43480416460089244,0.23902970836740256,0.23694566813509546,0.0003153778945831832,-0.0012938532054868612,-0.0473960427805193
semiconductor,5,overlapping,4,logistic_global,17823,0.38413842698938866,0.3592922835903258,0.46408484653704,0.38399149049328546,0.3491555854794367,-0.0007067102451516733,-0.0034818941504177747,-0.06532614981360992
semiconductor,5,overlapping,4,logistic_regime_prior,17823,0.3835336306535048,0.3464413257554571,0.4619750283768445,0.37880600983911716,0.3460135779610615,-0.00030844767167285416,-0.0029243652798085495,-0.06663459463359087
semiconductor,5,overlapping,4,majority_baseline,17823,0.3333333333333333,0.20259855230953497,0.0,0.0,0.0,,,
semiconductor,5,overlapping,4,ridge_current,17823,0.3585972142462442,0.3011726733956049,0.4395104895104895,0.16713203031511767,0.16046681254558717,-0.003784006850698941,-0.00166633735184607,-0.053573386336266876
semiconductor,5,overlapping,5,logistic_global,18088,0.36928762308649943,0.3441498466967721,0.4055779885435252,0.6044786564030791,0.5887328615656789,0.01992568488415701,0.00933875583672239,-0.06923853300696228
semiconductor,5,overlapping,5,logistic_regime_prior,18088,0.38121068026723776,0.3435805723215785,0.4134324249931186,0.6306508047585724,0.6025541795665634,0.018338884045112542,0.00816695767703246,-0.07006275736436234
semiconductor,5,overlapping,5,majority_baseline,18088,0.3333333333333333,0.22016514237049653,0.0,0.0,0.0,,,
semiconductor,5,overlapping,5,ridge_current,18088,0.3608528952143557,0.29753691092066537,0.3995381062355658,0.14527641707487754,0.1436311366651924,0.015631389895601144,0.005487992132890751,-0.058833140688751256
semiconductor,5,non_overlapping,0,logistic_global,16928,0.3767278795663987,0.364404453336316,0.42876754118364857,0.4131393298059965,0.3872873345935728,0.008409670491238232,0.0024189766121789358,-0.06154197699963184
semiconductor,5,non_overlapping,0,logistic_regime_prior,16928,0.3769747695005503,0.3587790386279803,0.4241950609565489,0.39888300999412113,0.37795368620037806,0.008825793377895476,0.003181247243623342,-0.06092201652591155
semiconductor,5,non_overlapping,0,majority_baseline,16928,0.3333333333333333,0.20839762852269958,0.0,0.0,0.0,,,
semiconductor,5,non_overlapping,0,ridge_current,16928,0.3463214238644025,0.32916608495230665,0.4164914739546835,0.2620517342739565,0.2528946124763705,0.003007293022793578,-4.560587403668048e-05,-0.04814832426301526
semiconductor,5,non_overlapping,1,logistic_global,3045,0.34557012427000994,0.33185820175655295,0.3705062362435803,0.4395126196692776,0.44761904761904764,0.013875234174379402,0.007670569236980285,-0.04732780822238524
semiconductor,5,non_overlapping,1,logistic_regime_prior,3045,0.3611603140036528,0.3356811504912976,0.38288288288288286,0.44386422976501305,0.4374384236453202,0.011077438439946519,0.0065089760783483275,-0.046177148892069315
semiconductor,5,non_overlapping,1,majority_baseline,3045,0.3333333333333333,0.20801325500828438,0.0,0.0,0.0,,,
semiconductor,5,non_overlapping,1,ridge_current,3045,0.363023862328566,0.3569335890097746,0.40182969739619984,0.4969538729329852,0.4666666666666667,0.0034993218354975038,0.0,-0.04329558941892804
semiconductor,5,non_overlapping,2,logistic_global,3264,0.39231634711863445,0.3785440892562512,0.44683026584867075,0.332572298325723,0.29963235294117646,0.00018977001940688514,-0.0004230561852386905,-0.06008485716457911
semiconductor,5,non_overlapping,2,logistic_regime_prior,3264,0.382167896474692,0.3621531620945846,0.4257932446264074,0.3165905631659056,0.29932598039215685,0.002366649974126807,0.0012484394506866447,-0.05665263674685146
semiconductor,5,non_overlapping,2,majority_baseline,3264,0.3333333333333333,0.2012121212121212,0.0,0.0,0.0,,,
semiconductor,5,non_overlapping,2,ridge_current,3264,0.3568474340511494,0.3513317735291153,0.40835030549898166,0.3051750380517504,0.3008578431372549,0.004439394853864281,0.001180393251483447,-0.048022499302233276
semiconductor,5,non_overlapping,3,logistic_global,3416,0.38598926767894204,0.37214253092243804,0.4837310195227766,0.3123249299719888,0.26990632318501173,-0.003397173323831026,-0.007408769709845164,-0.06140681695228899
semiconductor,5,non_overlapping,3,logistic_regime_prior,3416,0.37387602954837557,0.35012166409708684,0.4685099846390169,0.21358543417366946,0.19057377049180327,-0.001760972325264318,-0.006907391546243424,-0.06021641372245702
semiconductor,5,non_overlapping,3,majority_baseline,3416,0.3333333333333333,0.20669225072375952,0.0,0.0,0.0,,,
semiconductor,5,non_overlapping,3,ridge_current,3416,0.33911802340569364,0.3124964479921468,0.45073891625615764,0.25630252100840334,0.23770491803278687,-0.0032361857529920324,-0.0036486518107478605,-0.04873045401859311
semiconductor,5,non_overlapping,4,logistic_global,3575,0.388388734866175,0.3651258509679715,0.46254071661237783,0.38718473074301296,0.3434965034965035,-0.0007863063487174129,-0.0029747458736614774,-0.06663495119203672
semiconductor,5,non_overlapping,4,logistic_regime_prior,3575,0.3798632329346852,0.34363235968476397,0.44684252597921664,0.38104976141785957,0.3499300699300699,0.00320386555125545,-0.0007678006149663963,-0.06630265970407051
semiconductor,5,non_overlapping,4,majority_baseline,3575,0.3333333333333333,0.20665251238499646,0.0,0.0,0.0,,,
semiconductor,5,non_overlapping,4,ridge_current,3575,0.3444577740236521,0.29200642795274,0.4078014184397163,0.15678254942058623,0.15776223776223777,-0.0015717333061806332,0.00047851028375711646,-0.05304504488623025
semiconductor,5,non_overlapping,5,logistic_global,3628,0.3668968183745294,0.34696631375619713,0.41404358353510895,0.5912863070539419,0.5691841234840133,0.019435369725276503,0.007303370786516883,-0.06864581259161519
semiconductor,5,non_overlapping,5,logistic_regime_prior,3628,0.38296988424564854,0.3485570167243068,0.4224965706447188,0.6390041493775933,0.6028114663726571,0.016707095648912252,0.006958333333333178,-0.06894191160665762
semiconductor,5,non_overlapping,5,majority_baseline,3628,0.3333333333333333,0.2181840657642623,0.0,0.0,0.0,,,
semiconductor,5,non_overlapping,5,ridge_current,3628,0.3650394865187628,0.30396720630087803,0.42828685258964144,0.14868603042876902,0.13836824696802646,0.01405665293218733,-2.280293701834024e-05,-0.05568787910746419
software,5,overlapping,0,logistic_global,151874,0.403417655756328,0.36327413697761496,0.4275502814828658,0.30374390122473366,0.28187181479384227,0.008570713778840453,0.0023050426044390893,-0.06453399452508343
software,5,overlapping,0,logistic_regime_prior,151874,0.4028989131122523,0.3620625167705074,0.4313909322563585,0.2978027813734276,0.27389809974057444,0.008352139629437831,0.001492332786618089,-0.06443378059671273
software,5,overlapping,0,majority_baseline,151874,0.3333333333333333,0.20245229067423476,0.0,0.0,0.0,,,
software,5,overlapping,0,ridge_current,151874,0.35325164453362107,0.3235084563800347,0.3763492107992935,0.22277539911712968,0.23485915956648273,0.004199113138185403,0.002680965147452863,-0.0442916443080004
software,5,overlapping,1,logistic_global,23626,0.3814588634224913,0.34297866956596285,0.35928071445812215,0.35785551147974515,0.350715313637518,0.01408906471692633,0.00928500179649061,-0.055343067781540106
software,5,overlapping,1,logistic_regime_prior,23626,0.37594114009630997,0.33171684601954854,0.36262626262626263,0.34523380213968025,0.33522390586641837,0.01285158571194056,0.008348628698621186,-0.05447934331724136
software,5,overlapping,1,majority_baseline,23626,0.3333333333333333,0.21156346615042332,0.0,0.0,0.0,,,
software,5,overlapping,1,ridge_current,23626,0.352298053170437,0.35023477293748884,0.3578524836929252,0.42865729053972834,0.42178108863116903,0.005468908895789734,0.0050662551699647285,-0.043929997768019535
software,5,overlapping,2,logistic_global,29151,0.40882085705492627,0.3682740694389976,0.4311571782178218,0.23959766162310867,0.22174196425508558,0.007778640985085409,0.0005336149860006856,-0.06484188181667959
software,5,overlapping,2,logistic_regime_prior,29151,0.40739573876312396,0.36875508825011755,0.44059551886792453,0.2569635488308116,0.23271928921820864,0.006413003334964948,-0.0001537876420088513,-0.06487223644557273
software,5,overlapping,2,majority_baseline,29151,0.3333333333333333,0.19886222307809578,0.0,0.0,0.0,,,
software,5,overlapping,2,ridge_current,29151,0.3391035988517854,0.3317382845027473,0.3587976042490677,0.2729539202200825,0.30355733937086204,0.00460361266756112,0.0032933427428840645,-0.04250302387975387
software,5,overlapping,3,logistic_global,31940,0.41687282380346335,0.3824802745065185,0.4773379947558996,0.2858317757009346,0.2507514088916719,-0.0015006754086094897,-0.006057091307429596,-0.07132007775316626
software,5,overlapping,3,logistic_regime_prior,31940,0.4066046193821742,0.3727226366095711,0.46539119614247937,0.22370093457943926,0.20128365685660612,0.002751250443943203,-0.004116373335589674,-0.06815761855455953
software,5,overlapping,3,majority_baseline,31940,0.3333333333333333,0.20199022346368714,0.0,0.0,0.0,,,
software,5,overlapping,3,ridge_current,31940,0.3660626659137005,0.3325289061243286,0.42495201535508637,0.24829906542056074,0.24467752035065748,-0.003132121986393562,-0.0016288951841358923,-0.04692236347983617
software,5,overlapping,4,logistic_global,32697,0.3921429663330874,0.328943423564416,0.41367959034381857,0.2802279484638256,0.25084870171575374,0.01554854965482784,0.004802034158850277,-0.06338706334250548
software,5,overlapping,4,logistic_regime_prior,32697,0.3935012725069358,0.323472977997975,0.4145697030699547,0.27213412619755534,0.2430804049301159,0.01596641493765145,0.00534608010117088,-0.06479661181193022
software,5,overlapping,4,majority_baseline,32697,0.3333333333333333,0.20519660146216165,0.0,0.0,0.0,,,
software,5,overlapping,4,ridge_current,32697,0.3472825072636829,0.29398084574674144,0.344449590859966,0.18425834159233564,0.19809156803376457,0.011433898076244594,0.0049361907055140986,-0.03987892688913167
software,5,overlapping,5,logistic_global,34460,0.40727900574899834,0.37208656201153784,0.4492741390952059,0.3590798704803022,0.3438189204875218,0.0071210555085240365,0.0,-0.06700050571093011
software,5,overlapping,5,logistic_regime_prior,34460,0.4151263300514867,0.37679379318406125,0.46313014300551253,0.39105504587155965,0.36323273360417874,0.004597992794904442,-0.0024896265560166997,-0.06835167801983337
software,5,overlapping,5,majority_baseline,34460,0.3333333333333333,0.19683552501516796,0.0,0.0,0.0,,,
software,5,overlapping,5,ridge_current,34460,0.3793509205316561,0.27579401879642645,0.44127975029262584,0.07629519697787372,0.07437608821822403,0.001936518286372051,-0.00121873308599163,-0.05500308025594386
software,5,non_overlapping,0,logistic_global,30474,0.4092798620725579,0.3676528577756441,0.4235646760433479,0.306294289287203,0.28463608321848133,0.0085159444082706,0.0033097836168946015,-0.06450070389656283
software,5,non_overlapping,0,logistic_regime_prior,30474,0.410039303031881,0.36811528451722636,0.42946671396476294,0.3027928303459775,0.2775152589092341,0.008046094912766914,0.0022530980097634767,-0.06417306614243164
software,5,non_overlapping,0,majority_baseline,30474,0.3333333333333333,0.20399301601761177,0.0,0.0,0.0,,,
software,5,non_overlapping,0,ridge_current,30474,0.3562726715554516,0.3270482699809272,0.3778719912472648,0.23034597749062108,0.2399422458489204,0.0036812452545406035,0.0021867452236916662,-0.04503255813668814
software,5,non_overlapping,1,logistic_global,4743,0.3807426186819545,0.3428009576983288,0.3485103991006183,0.3701492537313433,0.37507906388361795,0.013105331834849548,0.00991649269311079,-0.0530976598261209
software,5,non_overlapping,1,logistic_regime_prior,4743,0.3780654509169728,0.3356595641663986,0.3570615034168565,0.3743283582089552,0.37022981235504954,0.011484400007405866,0.008737636293858708,-0.05119055886914641
software,5,non_overlapping,1,majority_baseline,4743,0.3333333333333333,0.20953207074357863,0.0,0.0,0.0,,,
software,5,non_overlapping,1,ridge_current,4743,0.3488226927410043,0.3455866926710081,0.3525733525733526,0.4376119402985075,0.43833017077798864,0.004681111298472399,0.003379224030037431,-0.04327261549441412
software,5,non_overlapping,2,logistic_global,5853,0.4207963638341959,0.37872192744630345,0.43837638376383764,0.2559241706161137,0.2315052110029045,0.00593056161010377,9.409108016567025e-05,-0.06611600633848382
software,5,non_overlapping,2,logistic_regime_prior,5853,0.4169675123429039,0.37380881724761555,0.4396743153219837,0.2559241706161137,0.23082180078592174,0.006444463900205427,0.0006042296072508169,-0.06575279712569018
software,5,non_overlapping,2,majority_baseline,5853,0.3333333333333333,0.20086745453821972,0.0,0.0,0.0,,,
software,5,non_overlapping,2,ridge_current,5853,0.34695853738353793,0.33906416346474905,0.3640856672158155,0.2856527358897027,0.3111225012813942,0.004203119380938442,0.0030865885645168234,-0.04349398220728401
software,5,non_overlapping,3,logistic_global,6406,0.4293437014331734,0.3912983359645848,0.4747603833865815,0.28391287734046616,0.24430221667187013,-0.001407116150098789,-0.004874924385296797,-0.07251565306463152
software,5,non_overlapping,3,logistic_regime_prior,6406,0.4234517918203285,0.3871668614937695,0.4731270358306189,0.22200993504012229,0.19169528566968466,-3.406272678638308e-07,-0.00552968218522909,-0.07156984807132512
software,5,non_overlapping,3,majority_baseline,6406,0.3333333333333333,0.20616778089281862,0.0,0.0,0.0,,,
software,5,non_overlapping,3,ridge_current,6406,0.37360128727026276,0.3414910507064532,0.43478260869565216,0.26366068016813143,0.24773649703403058,-0.002294785225920303,-0.0029795158286779477,-0.047938518798458785
software,5,non_overlapping,4,logistic_global,6559,0.3958033265018663,0.3297371741818689,0.40516206482593037,0.2810158201498751,0.25400213447171827,0.01748203032216426,0.005627947272622613,-0.06488199670873958
software,5,non_overlapping,4,logistic_regime_prior,6559,0.3887548008979846,0.31438864282386825,0.38776758409785933,0.2639467110741049,0.24927580423845097,0.02033990145402168,0.010179480310742006,-0.06424533287498745
software,5,non_overlapping,4,majority_baseline,6559,0.3333333333333333,0.20797929997552364,0.0,0.0,0.0,,,
software,5,non_overlapping,4,ridge_current,6559,0.34892581710207043,0.2937909857941012,0.33963691376701965,0.18692756036636138,0.20155511510901053,0.010537849075631038,0.006217706238126897,-0.04237601482030975
software,5,non_overlapping,5,logistic_global,6913,0.4095247738456665,0.3741597561561121,0.451277609354699,0.3496644295302013,0.33400838998987414,0.006753607509584314,-0.0006557377049180024,-0.06663091235017879
software,5,non_overlapping,5,logistic_regime_prior,6913,0.425674078047561,0.3880023480176238,0.4809006835544833,0.40134228187919463,0.35975697960364533,0.002379343364715339,-0.00570570570570561,-0.06878169577536156
software,5,non_overlapping,5,majority_baseline,6913,0.3333333333333333,0.19682604410915147,0.0,0.0,0.0,,,
software,5,non_overlapping,5,ridge_current,6913,0.38404431533644484,0.2800118120352766,0.4532803180914513,0.07651006711409396,0.07276146390857804,-0.00150667555757622,-0.004085614976523044,-0.0556903279473339
other,5,overlapping,0,logistic_global,148430,0.39581793523082714,0.3263122510169099,0.40809997263522757,0.24389889335102033,0.22157919558040828,0.00932776255461715,0.004514106583072053,-0.05722947157626998
other,5,overlapping,0,logistic_regime_prior,148430,0.3957322869058524,0.3352176741131136,0.4138465012743169,0.2331049771946721,0.20883244627096947,0.008285207103669182,0.0038062788613506537,-0.05804903373541439
other,5,overlapping,0,majority_baseline,148430,0.3333333333333333,0.19986602636072873,0.0,0.0,0.0,,,
other,5,overlapping,0,ridge_current,148430,0.35207989307993987,0.32465610487214974,0.3618985663172117,0.26283367556468173,0.2692649733881291,0.003132935866828837,0.0026612430625909678,-0.03601305623532071
other,5,overlapping,1,logistic_global,27804,0.40270988478843267,0.3414702195156531,0.3968782279352691,0.3337193591970662,0.31337217666522804,0.00816176498455876,0.006793739414337363,-0.05606504803708401
other,5,overlapping,1,logistic_regime_prior,27804,0.4061787049675743,0.35195216168695925,0.4042940320232897,0.321656050955414,0.29650410012947775,0.005387839900806883,0.0049209040004321025,-0.05541175788692546
other,5,overlapping,1,majority_baseline,27804,0.3333333333333333,0.19950602348908716,0.0,0.0,0.0,,,
other,5,overlapping,1,ridge_current,27804,0.35334835148332333,0.3523010627909149,0.37044698264232395,0.397510133178923,0.39990648827506836,0.0009657928254820737,0.0017796831547494119,-0.03749500986426593
other,5,overlapping,2,logistic_global,28776,0.3862353034526902,0.3326438134185164,0.3682248351018067,0.2473273620340942,0.2423547400611621,0.013861401883880402,0.006805855772441638,-0.04975418938843277
other,5,overlapping,2,logistic_regime_prior,28776,0.3867587019405394,0.3424742115184807,0.38100147275405005,0.24915727631705673,0.23596052265777037,0.01230175457309264,0.005902908267562346,-0.05140160102811622
other,5,overlapping,2,majority_baseline,28776,0.3333333333333333,0.2001637364329775,0.0,0.0,0.0,,,
other,5,overlapping,2,ridge_current,28776,0.34209647558719763,0.33785195006177476,0.33990895295902884,0.3236058942502167,0.34351542952460384,0.007457607196561058,0.004989439106827254,-0.03508830836249429
other,5,overlapping,3,logistic_global,29697,0.40092998876942704,0.3351108274427453,0.4467921628889743,0.19921205892428914,0.17530390275111965,0.0022855321716209573,-0.001322882355283217,-0.05856139251118303
other,5,overlapping,3,logistic_regime_prior,29697,0.3969161337214386,0.3393962074374868,0.44647169305071105,0.14251455978074684,0.1255008923460282,0.0015404457499975607,-0.0012229922543823823,-0.057764846361700165
other,5,overlapping,3,majority_baseline,29697,0.3333333333333333,0.19617069480421745,0.0,0.0,0.0,,,
other,5,overlapping,3,ridge_current,29697,0.3481877816776118,0.31128586083499393,0.39506874218838767,0.2977903391572456,0.29635990167356974,-0.0007255396979584071,-0.00019420054805308062,-0.036900937802212416
other,5,overlapping,4,logistic_global,30923,0.38762642405025777,0.2846221763484503,0.4329661193099148,0.1875731652408825,0.15557998900494777,0.006326287500860847,0.0013655872024971316,-0.061651664135145376
other,5,overlapping,4,logistic_regime_prior,30923,0.38771658742465775,0.28651955890816744,0.4355906857509079,0.1836109860423233,0.15137599844775734,0.006497240194046683,0.0015609146960120501,-0.06459202392735335
other,5,overlapping,4,majority_baseline,30923,0.3333333333333333,0.19962241353269897,0.0,0.0,0.0,,,
other,5,overlapping,4,ridge_current,30923,0.34665921176487724,0.28592872616015813,0.3332356818514721,0.20486267447095902,0.22077418103030108,0.00408804017258822,0.004542060787207092,-0.031606778985884335
other,5,overlapping,5,logistic_global,31230,0.40051468124453127,0.32792497108884566,0.4157272094641615,0.25962624945675794,0.23006724303554274,0.013453536250252023,0.004893964110929794,-0.061971168373346854
other,5,overlapping,5,logistic_regime_prior,31230,0.4012746568614591,0.3316743496043682,0.4242223692918597,0.27857453281182093,0.24191482548831253,0.012272068330947614,0.0037028945931185664,-0.06298737912666047
other,5,overlapping,5,majority_baseline,31230,0.3333333333333333,0.20360897350355114,0.0,0.0,0.0,,,
other,5,overlapping,5,ridge_current,31230,0.37111751699990386,0.2772936380297142,0.3697151424287856,0.10717079530638852,0.10678834454050593,0.005767128890098671,0.0021016431027893745,-0.0404900275799491
other,5,non_overlapping,0,logistic_global,29773,0.39903386290475523,0.3311329225064909,0.41203281677301734,0.24699453551912567,0.22107278406610015,0.009489431617285136,0.0036885549861472855,-0.05691204849661937
other,5,non_overlapping,0,logistic_regime_prior,29773,0.4020462708226226,0.34140522672396606,0.4128950293790694,0.23679417122040072,0.21150035266852518,0.009398830771896537,0.0036455696202530863,-0.056449960046731376
other,5,non_overlapping,0,majority_baseline,29773,0.3333333333333333,0.20027570217898713,0.0,0.0,0.0,,,
other,5,non_overlapping,0,ridge_current,29773,0.3517646070628717,0.3248648060103651,0.35742045178528054,0.2680327868852459,0.2765592986934471,0.003713944561019937,0.0029849057016663183,-0.03575494961704478
other,5,non_overlapping,1,logistic_global,5577,0.40055216449320463,0.340779496617906,0.4002205071664829,0.3405253283302064,0.32526447911063294,0.009657057300417852,0.005107029891183834,-0.05491374880608828
other,5,non_overlapping,1,logistic_regime_prior,5577,0.4007901877525522,0.34848865709781746,0.4004461795872839,0.33677298311444653,0.3214990138067061,0.008307890454965673,0.00452785343961315,-0.051137336996315425
other,5,non_overlapping,1,majority_baseline,5577,0.3333333333333333,0.1957356976989656,0.0,0.0,0.0,,,
other,5,non_overlapping,1,ridge_current,5577,0.3465871223294896,0.34523406797276546,0.3684210526315789,0.40384615384615385,0.4190424959655729,0.00210857146798496,0.0018943050193052091,-0.03709551133494335
other,5,non_overlapping,2,logistic_global,5772,0.3879416336938218,0.3351055846586588,0.3815789473684211,0.2636363636363636,0.25017325017325015,0.012744711144869483,0.005271170221817889,-0.04939458112779611
other,5,non_overlapping,2,logistic_regime_prior,5772,0.3921142909962741,0.34793153697386375,0.3936651583710407,0.24976076555023924,0.22972972972972974,0.011948268140424594,0.004377998001693584,-0.050845526673826885
other,5,non_overlapping,2,majority_baseline,5772,0.3333333333333333,0.19995957145744894,0.0,0.0,0.0,,,
other,5,non_overlapping,2,ridge_current,5772,0.33687864677918894,0.3335689668313388,0.3435225618631732,0.33875598086124403,0.35706860706860705,0.006219145145789929,0.004522691043307825,-0.034580413721126385
other,5,non_overlapping,3,logistic_global,5957,0.4102713476558348,0.3393815106857065,0.4345703125,0.19716437749224636,0.17189860668121537,0.0014737204656885374,0.000770312608428636,-0.058711873012558806
other,5,non_overlapping,3,logistic_regime_prior,5957,0.4178212928483132,0.35320531293680935,0.4311050477489768,0.14000886132033674,0.12304851435286218,-0.0007629819268246915,-1.7921785389063416e-08,-0.05889637597250471
other,5,non_overlapping,3,majority_baseline,5957,0.3333333333333333,0.20520567046246804,0.0,0.0,0.0,,,
other,5,non_overlapping,3,ridge_current,5957,0.3587623759911302,0.31667094042380944,0.39154616240266965,0.31191847585290206,0.30182978009064965,-0.0009786554876547303,0.0012967611255617628,-0.03798084422496625
other,5,non_overlapping,4,logistic_global,6203,0.39146746669616533,0.29348517852219413,0.43251859723698194,0.1855905152758778,0.15170078994035144,0.008605715585063985,0.0,-0.06247261591766674
other,5,non_overlapping,4,logistic_regime_prior,6203,0.38848928283853223,0.2879099461401743,0.42105263157894735,0.17875056999544003,0.15008866677414154,0.011921009447541464,0.0027733053710190525,-0.06309532272910666
other,5,non_overlapping,4,majority_baseline,6203,0.3333333333333333,0.19833899584748962,0.0,0.0,0.0,,,
other,5,non_overlapping,4,ridge_current,6203,0.34004033893427854,0.28299234698083425,0.31236283833211415,0.19471044231646148,0.2203772368208931,0.006704329370740468,0.005327707428871786,-0.030864878709383408
other,5,non_overlapping,5,logistic_global,6264,0.3971802625848213,0.3311047190074063,0.4289919058130979,0.25259965337954937,0.21695402298850575,0.012458503271825593,0.002134927412467791,-0.06236063147798554
other,5,non_overlapping,5,logistic_regime_prior,6264,0.3995179973296648,0.3326255404005088,0.43064729194187584,0.2824956672443674,0.241698595146871,0.011826811220196447,0.0026801336807887877,-0.06237925743839846
other,5,non_overlapping,5,majority_baseline,6264,0.3333333333333333,0.20173680694722781,0.0,0.0,0.0,,,
other,5,non_overlapping,5,ridge_current,6264,0.375188074688148,0.28291578822128977,0.3621460506706408,0.10528596187175043,0.10712005108556832,0.008092450322332712,0.002027118312364795,-0.038691453599889944
