scope,horizon,evaluation_mode,fold,specification,sample_count,coverage,balanced_accuracy,macro_f1,down_precision,down_recall,mean_return_predicted_down,mean_return_predicted_neutral,mean_return_predicted_up
all,5,overlapping,0,logistic_decay_market,76747,1.0,0.3558335079918709,0.35799614185986606,0.35820172463908534,0.3886805677238479,0.00789602873894791,0.00010747881430911495,0.0024087282340516515
all,5,overlapping,0,majority_baseline,76747,1.0,0.3333333333333333,0.20199378191912862,0.0,0.0,,,0.004281430387023256
all,5,overlapping,0,ridge_current,76747,1.0,0.33360398549058035,0.2842957103536989,0.31756308100929614,0.13408095321534957,0.006624290982330333,0.005122928042383139,0.001687756378775196
all,5,overlapping,0,ridge_decay_market,76747,1.0,0.3297757634749061,0.2954573633606639,0.3211509937703945,0.18969686350096374,0.007071260140205075,0.004723432025619967,0.001546371435609428
all,5,overlapping,0,ridge_decay_only,76747,1.0,0.3308896090537692,0.2850038426153083,0.30960111317254174,0.14035395128789208,0.007191615628982609,0.005060234987260903,0.001464563477823223
all,5,overlapping,0,ridge_decay_volume,76747,1.0,0.3286863070722737,0.28718510891736343,0.3087855297157623,0.15076222183283686,0.007238323656511072,0.004857315043801838,0.0017204964041889878
all,5,overlapping,1,logistic_decay_market,19594,1.0,0.36571378679103467,0.34766112905110846,0.4340239912758997,0.2561791967044284,0.0006044991168243782,-0.0021232013029732575,0.0007415790044155951
all,5,overlapping,1,majority_baseline,19594,1.0,0.3333333333333333,0.20125651714350187,0.0,0.0,,,0.0005189945385008557
all,5,overlapping,1,ridge_current,19594,1.0,0.35892021439650995,0.29023990091567575,0.42428571428571427,0.038233779608650875,-0.004517050454267223,-5.2956982952216644e-05,0.0009603841427829174
all,5,overlapping,1,ridge_decay_market,19594,1.0,0.3575138054464629,0.2971300966051873,0.400184842883549,0.05574150360453141,0.0015881916346753683,-0.0011717791957950004,0.0009711706201600734
all,5,overlapping,1,ridge_decay_only,19594,1.0,0.356370532603222,0.2905653817115507,0.38344988344988346,0.042353244078269826,-0.0016917805180516844,-0.0008059315823614081,0.0010767331677969416
all,5,overlapping,1,ridge_decay_volume,19594,1.0,0.3565700886919627,0.28945268526541806,0.39641943734015345,0.039907312049433576,-0.0018897523224490637,-0.0003720603253394728,0.0009404952246976309
all,5,overlapping,2,logistic_decay_market,19329,1.0,0.35310030557734634,0.24514078013917237,0.3065317607615398,0.8651571476850287,0.009772611610993931,0.0004932485710625038,0.015939959627835232
all,5,overlapping,2,majority_baseline,19329,1.0,0.3333333333333333,0.20906723484848486,0.0,0.0,,,0.008940278318199178
all,5,overlapping,2,ridge_current,19329,1.0,0.3155809309288024,0.22684002869767125,0.3085461600938543,0.5777289624873267,0.0070552960352002975,0.010844742440723977,0.050083140890163844
all,5,overlapping,2,ridge_decay_market,19329,1.0,0.31218345315689916,0.22339560296475225,0.29385553470919323,0.6351808043257857,0.008972618291405334,0.007859022360390324,0.04047900892383821
all,5,overlapping,2,ridge_decay_only,19329,1.0,0.31100077583206165,0.22192062176640936,0.30069751616195983,0.5973301791145658,0.007830067687883217,0.010295739562609154,0.03295206611608642
all,5,overlapping,2,ridge_decay_volume,19329,1.0,0.31245802190780975,0.22258648495097907,0.29873695771554093,0.6434606285907402,0.008108050467406777,0.009599833871682794,0.04403507431685648
all,5,overlapping,3,logistic_decay_market,19392,1.0,0.38733432622886466,0.3497516409608554,0.47231424514907716,0.13273041627876048,-0.010272695036640236,0.0009164660174159268,0.0017024337475771865
all,5,overlapping,3,majority_baseline,19392,1.0,0.3333333333333333,0.19611268835990392,0.0,0.0,,,0.0001968061044114328
all,5,overlapping,3,ridge_current,19392,1.0,0.36242966669522575,0.24452710820007909,0.4810126582278481,0.0050538635456842665,-0.008735076350183477,0.001282978287128187,-0.0016820099607723074
all,5,overlapping,3,ridge_decay_market,19392,1.0,0.3616475170622329,0.2404124935474403,0.4268292682926829,0.009309748636786807,-0.005046363007811095,0.0007484974859282777,-0.0008627491503364158
all,5,overlapping,3,ridge_decay_only,19392,1.0,0.3600797191922919,0.24199679997936507,0.45714285714285713,0.0042558850911025405,-0.004859031377795998,0.0014568801928101064,-0.0020835127409783924
all,5,overlapping,3,ridge_decay_volume,19392,1.0,0.3580340635134738,0.240467121136533,0.3984375,0.006782816863944673,-0.005429075009724355,0.001085595067094331,-0.0014315193887856521
all,5,overlapping,4,logistic_decay_market,18432,1.0,0.36346794659682224,0.3639222896366272,0.3944723618090452,0.40695770804911324,0.0132487942696897,-0.0005222356799090421,0.005508114391445041
all,5,overlapping,4,majority_baseline,18432,1.0,0.3333333333333333,0.20135312531556093,0.0,0.0,,,0.007692852394545878
all,5,overlapping,4,ridge_current,18432,1.0,0.3535352781174847,0.18820160725161758,0.3829787234042553,0.009822646657571623,0.029158131588898486,0.006827283650296467,0.010806959913515133
all,5,overlapping,4,ridge_decay_market,18432,1.0,0.33978911457805255,0.2475890043905986,0.4085906993255236,0.15702592087312414,0.0012486818118785169,0.00931131695487847,0.006780532888678861
all,5,overlapping,4,ridge_decay_only,18432,1.0,0.35465330756428065,0.19500429307657896,0.43253968253968256,0.014870395634379262,0.011000571105944396,0.007252837546053781,0.009493589525514025
all,5,overlapping,4,ridge_decay_volume,18432,1.0,0.3508171020211999,0.20085960041287487,0.48363636363636364,0.018144611186903137,-0.001222858938625563,0.007762029458562471,0.008079969545048199
all,5,non_overlapping,0,logistic_decay_market,15427,1.0,0.36038378652809705,0.3618339072187977,0.3642241379310345,0.4195779393509487,0.007470682449597119,-0.0004440913779163068,0.004204288982996377
all,5,non_overlapping,0,majority_baseline,15427,1.0,0.3333333333333333,0.20301746160550596,0.0,0.0,,,0.004866188721402885
all,5,non_overlapping,0,ridge_current,15427,1.0,0.33259369127934485,0.28427037178891285,0.3279835390946502,0.1413371165100195,0.006522496314834319,0.004952336484715076,0.003832264651097191
all,5,non_overlapping,0,ridge_decay_market,15427,1.0,0.3292529068917018,0.29212201534772514,0.3244309559939302,0.1895726192587338,0.00862379603848484,0.004422325682695494,0.0028289825435046526
all,5,non_overlapping,0,ridge_decay_only,15427,1.0,0.3289806405247319,0.28349772319178423,0.31662870159453305,0.14789856357510198,0.00822271487350385,0.004905737226611085,0.0028706765012110284
all,5,non_overlapping,0,ridge_decay_volume,15427,1.0,0.3234345488323724,0.28376111457435116,0.31329113924050633,0.15800673878347224,0.007933278439066114,0.004779464708342506,0.003150530898162041
all,5,non_overlapping,1,logistic_decay_market,4074,1.0,0.35852385141831394,0.3489733461442653,0.41086587436332767,0.3138780804150454,0.002680989753492107,-0.0030908698983314847,0.002887730490974304
all,5,non_overlapping,1,majority_baseline,4074,1.0,0.3333333333333333,0.20452611876807894,0.0,0.0,,,0.0024009083746164214
all,5,non_overlapping,1,ridge_current,4074,1.0,0.3425937212274886,0.28439583177260214,0.3785310734463277,0.04345006485084306,0.0034446132289768327,0.0015497587417398007,0.00268708421744728
all,5,non_overlapping,1,ridge_decay_market,4074,1.0,0.3358764534105036,0.2882398154877082,0.3108974358974359,0.062905317769131,0.015136855447453353,-0.00342605213667846,0.0031674122118763607
all,5,non_overlapping,1,ridge_decay_only,4074,1.0,0.33473877759394277,0.2822192376771571,0.3305439330543933,0.051232166018158234,0.008488612361059194,0.00019367730522268874,0.002753856230849111
all,5,non_overlapping,1,ridge_decay_volume,4074,1.0,0.3328644710142713,0.2776236797516178,0.3160377358490566,0.04345006485084306,0.012082632068676302,0.00047580269106986994,0.0024415560609442628
all,5,non_overlapping,2,logistic_decay_market,3865,1.0,0.35935967451217105,0.25740793894184233,0.31983071342200725,0.8679245283018868,0.00891181529818585,0.0008187103937425451,0.014683252098733763
all,5,non_overlapping,2,majority_baseline,3865,1.0,0.3333333333333333,0.2064654402571888,0.0,0.0,,,0.008215410519810411
all,5,non_overlapping,2,ridge_current,3865,1.0,0.31706911340125,0.23155290411204232,0.31863636363636366,0.5750615258408531,0.006909231970977131,0.009003186961451536,0.05938851057760443
all,5,non_overlapping,2,ridge_decay_market,3865,1.0,0.33384156569559775,0.24571441498176236,0.31190377436748234,0.6168990976210008,0.008925016533222379,0.0059954368971693985,0.03695424401928729
all,5,non_overlapping,2,ridge_decay_only,3865,1.0,0.31670629096483416,0.22837886179699052,0.30994403788204905,0.5906480721903199,0.008280563311501244,0.007471372646895292,0.05726919589376087
all,5,non_overlapping,2,ridge_decay_volume,3865,1.0,0.3149359192039555,0.2272150758039292,0.30956112852664575,0.6480721903199343,0.007537968951804904,0.008235254566366822,0.05831689128464577
all,5,non_overlapping,3,logistic_decay_market,3840,1.0,0.39410535959004916,0.35476342002459865,0.5103448275862069,0.14471968709256844,-0.012766703342769987,-0.0005526372818861996,0.002183693950917733
all,5,non_overlapping,3,majority_baseline,3840,1.0,0.3333333333333333,0.1956455075130328,0.0,0.0,,,-0.00024244441628971553
all,5,non_overlapping,3,ridge_current,3840,1.0,0.3579528478425415,0.23415970457308258,0.5833333333333334,0.0045632333767926985,-0.011331744948314007,0.0005672059871423143,-0.0017127864324991292
all,5,non_overlapping,3,ridge_decay_market,3840,1.0,0.34959785462119575,0.2263930589025266,0.375,0.009778357235984355,0.00883106364565692,-0.0003783390222237154,-0.0002433705261187586
all,5,non_overlapping,3,ridge_decay_only,3840,1.0,0.35567892850257893,0.23249773073706406,0.5882352941176471,0.00651890482398957,-0.01206854538154917,0.001240010192397934,-0.0030040738546544513
all,5,non_overlapping,3,ridge_decay_volume,3840,1.0,0.3492364503017833,0.22917087421417373,0.4642857142857143,0.00847457627118644,5.008969259199089e-05,0.00033400147137710266,-0.0014389910357246647
all,5,non_overlapping,4,logistic_decay_market,3648,1.0,0.37038868237695466,0.3700012860489948,0.38222222222222224,0.4479166666666667,0.013615605213127201,0.00010782545032638296,0.0089352166345873
all,5,non_overlapping,4,majority_baseline,3648,1.0,0.3333333333333333,0.2052741415291216,0.0,0.0,,,0.00944841490854722
all,5,non_overlapping,4,ridge_current,3648,1.0,0.3547352086271387,0.1971152284197736,0.5365853658536586,0.01636904761904762,0.004283905042648198,0.007646298242327893,0.02088491701857045
all,5,non_overlapping,4,ridge_decay_market,3648,1.0,0.3357917232466067,0.24149598833061425,0.38533834586466165,0.15252976190476192,0.0034234053379260687,0.011538262555089315,0.004692175236135461
all,5,non_overlapping,4,ridge_decay_only,3648,1.0,0.35116987467817934,0.19927093911970437,0.45454545454545453,0.018601190476190476,0.01089580584336257,0.008371545058462975,0.015299491804236018
all,5,non_overlapping,4,ridge_decay_volume,3648,1.0,0.345207953333279,0.20173759561063495,0.40384615384615385,0.015625,0.014662050110499212,0.00882227662208644,0.011782641715676079
semiconductor_ai,5,overlapping,0,logistic_decay_market,8756,1.0,0.3213364764921972,0.3144757571781452,0.35816876122082586,0.47741549506431347,0.01625671895309553,0.009889400805072722,0.008057648142681513
semiconductor_ai,5,overlapping,0,majority_baseline,8756,1.0,0.33076869618897736,0.3071256542188379,0.372003618272275,0.4920729883338319,0.009658319059165829,,0.015037353182212342
semiconductor_ai,5,overlapping,0,ridge_current,8756,1.0,0.3245576516410244,0.31980817290705804,0.3633507853403141,0.4151959317977864,0.013501610651308582,0.01336022166802713,0.01033314748591061
semiconductor_ai,5,overlapping,0,ridge_decay_market,8756,1.0,0.31706058594880654,0.313340855965631,0.3470948012232416,0.40741848638947054,0.01811479616959364,0.013510957657726417,0.005032852895738351
semiconductor_ai,5,overlapping,0,ridge_decay_only,8756,1.0,0.3208716031733733,0.3154101866774663,0.35342261904761907,0.42626383487885133,0.01598044426014886,0.012683365691036851,0.0074817247529323895
semiconductor_ai,5,overlapping,0,ridge_decay_volume,8756,1.0,0.3179455822647468,0.31385930399112244,0.350210970464135,0.397247980855519,0.016562024687017167,0.012941071974214905,0.0071746851785988025
semiconductor_ai,5,overlapping,1,logistic_decay_market,2222,1.0,0.3318554529114453,0.3247477402481083,0.43356643356643354,0.3182751540041068,0.004240170339378953,0.014820847816653103,-0.002818622764585197
semiconductor_ai,5,overlapping,1,majority_baseline,2222,1.0,0.3333333333333333,0.2031706299541093,0.4383438343834383,1.0,0.0010325436238039973,,
semiconductor_ai,5,overlapping,1,ridge_current,2222,1.0,0.35704145425811173,0.3523028910325909,0.4636118598382749,0.3531827515400411,0.000953660400528956,0.0007926591050372463,0.0011602683845437988
semiconductor_ai,5,overlapping,1,ridge_decay_market,2222,1.0,0.33645540394175644,0.3271823185368275,0.4026946107784431,0.27618069815195073,0.013748144707987166,-0.011282641064719497,-0.0032496029652997597
semiconductor_ai,5,overlapping,1,ridge_decay_only,2222,1.0,0.33219572395462615,0.3293754849390541,0.4255050505050505,0.3459958932238193,0.006899168784565094,-0.003910056844791939,-0.001793315985727778
semiconductor_ai,5,overlapping,1,ridge_decay_volume,2222,1.0,0.3459862181690698,0.3380732145287772,0.4317507418397626,0.29876796714579057,0.008341254028265403,-0.003296522375342182,-0.0019160221000145792
semiconductor_ai,5,overlapping,2,logistic_decay_market,2200,1.0,0.3332798019768059,0.1585623956881442,0.3051621745089082,0.9955290611028316,0.018361151011425082,0.023749043097078926,0.019413033037238306
semiconductor_ai,5,overlapping,2,majority_baseline,2200,1.0,0.3333333333333333,0.1558109833971903,0.305,1.0,0.01837035224888128,,
semiconductor_ai,5,overlapping,2,ridge_current,2200,1.0,0.3304641640383206,0.16639220622371817,0.30438842203548083,0.9716840536512668,0.018150290175636175,0.02833658663011542,0.01766972330805878
semiconductor_ai,5,overlapping,2,ridge_decay_market,2200,1.0,0.3346277302384515,0.17851238805309297,0.3064516129032258,0.96274217585693,0.018334128095836944,0.01542021851320879,0.0421719737670031
semiconductor_ai,5,overlapping,2,ridge_decay_only,2200,1.0,0.3315479056258606,0.16583100947330526,0.30654205607476637,0.977645305514158,0.01816247910677509,0.030439538153174496,0.00504838995768791
semiconductor_ai,5,overlapping,2,ridge_decay_volume,2200,1.0,0.331284959602598,0.16899233488293575,0.30711257654262836,0.9716840536512668,0.018251379066775972,0.01986716375600334,0.02845001247857598
semiconductor_ai,5,overlapping,3,logistic_decay_market,2222,1.0,0.3704419476114746,0.35581742229211755,0.4908722109533469,0.26275787187839306,-0.0026330220545985423,0.0036041703699393407,0.0088151860136532
semiconductor_ai,5,overlapping,3,majority_baseline,2222,1.0,0.3333333333333333,0.20762317942361327,0.0,0.0,,,0.005749824140637892
semiconductor_ai,5,overlapping,3,ridge_current,2222,1.0,0.3786737549450856,0.3281168978565622,0.49794238683127573,0.13137893593919653,-0.0075957416002974025,0.0003318726794157178,0.011685611229664465
semiconductor_ai,5,overlapping,3,ridge_decay_market,2222,1.0,0.3681889544267394,0.32574635645081534,0.4808362369337979,0.1498371335504886,-0.0024911266940909854,0.005209900475455003,0.007922633316899774
semiconductor_ai,5,overlapping,3,ridge_decay_only,2222,1.0,0.3910521233956987,0.3398445656382338,0.4738675958188153,0.1476655808903366,-0.0019159571686493439,-3.6166263260873895e-05,0.010980256982881848
semiconductor_ai,5,overlapping,3,ridge_decay_volume,2222,1.0,0.3745031810457937,0.3230396583024005,0.4431818181818182,0.1270358306188925,0.0015082876003186664,-0.0007905157876406386,0.010624034397780376
semiconductor_ai,5,overlapping,4,logistic_decay_market,2112,1.0,0.3202290809652773,0.3024329246455792,0.3550519357884797,0.4839124839124839,0.028813728207030504,0.059741198002743856,0.020482403536788166
semiconductor_ai,5,overlapping,4,majority_baseline,2112,1.0,0.3333333333333333,0.23383543395839737,0.0,0.0,,,0.02480860769470213
semiconductor_ai,5,overlapping,4,ridge_current,2112,1.0,0.3200066579043241,0.30553915083100713,0.39105339105339104,0.3487773487773488,0.019965916772678047,0.03589920761819594,0.02079972410298248
semiconductor_ai,5,overlapping,4,ridge_decay_market,2112,1.0,0.31917623777721177,0.3018139868210851,0.3588850174216028,0.39768339768339767,0.02783427507517985,0.03646367220389313,0.013998854797894091
semiconductor_ai,5,overlapping,4,ridge_decay_only,2112,1.0,0.3133763614441623,0.29886550113380506,0.3640836408364084,0.38095238095238093,0.02540121033019475,0.038518702734176444,0.01551090474809765
semiconductor_ai,5,overlapping,4,ridge_decay_volume,2112,1.0,0.31255005197197344,0.29507864126396594,0.36662106703146374,0.34491634491634493,0.024672129566167846,0.03701981316239466,0.016091087520790633
semiconductor_ai,5,non_overlapping,0,logistic_decay_market,1760,1.0,0.32779950587805856,0.316300285952456,0.3607800650054171,0.5099540581929556,0.014215587647108318,0.011068572911275852,0.014493117505136236
semiconductor_ai,5,non_overlapping,0,majority_baseline,1760,1.0,0.3309003935516804,0.3051214698843363,0.3625277161862528,0.5007656967840735,0.01201411752913995,,0.01644147287336636
semiconductor_ai,5,non_overlapping,0,ridge_current,1760,1.0,0.32348504571626485,0.3194189468424657,0.3583662714097497,0.4165390505359878,0.0138989033634945,0.010834082506241438,0.016494901477521452
semiconductor_ai,5,non_overlapping,0,ridge_decay_market,1760,1.0,0.31876140832302546,0.3134690603614602,0.3426829268292683,0.43032159264931086,0.01834086202884292,0.012212067683522619,0.0097075641071635
semiconductor_ai,5,non_overlapping,0,ridge_decay_only,1760,1.0,0.30896859089537704,0.30417600718857546,0.34596577017114916,0.4333843797856049,0.015450145124581764,0.010327574478803022,0.014600748385423662
semiconductor_ai,5,non_overlapping,0,ridge_decay_volume,1760,1.0,0.30797118556066994,0.3053935721671401,0.34411384217335056,0.40735068912710565,0.016206922159890644,0.009851426044711224,0.014097813112388079
semiconductor_ai,5,non_overlapping,1,logistic_decay_market,462,1.0,0.32412872953548516,0.32091620359776785,0.4303030303030303,0.36787564766839376,-0.002029885628805228,0.03206334741580654,0.00504874713019974
semiconductor_ai,5,non_overlapping,1,majority_baseline,462,1.0,0.3333333333333333,0.1964376590330789,0.41774891774891776,1.0,0.00521042939838609,,
semiconductor_ai,5,non_overlapping,1,ridge_current,462,1.0,0.3614701624459729,0.3568510899448358,0.4520547945205479,0.34196891191709844,0.0017777485863790304,-0.008751847689632683,0.013994684525029182
semiconductor_ai,5,non_overlapping,1,ridge_decay_market,462,1.0,0.3433683300775268,0.3410655929038282,0.40853658536585363,0.3471502590673575,0.007210459525102396,-0.019739202727499953,0.010248077579388512
semiconductor_ai,5,non_overlapping,1,ridge_decay_only,462,1.0,0.3119262999445934,0.3157568379408761,0.4251497005988024,0.36787564766839376,-0.00024157357731447956,-0.0001867948219267634,0.012081174011084446
semiconductor_ai,5,non_overlapping,1,ridge_decay_volume,462,1.0,0.3340196353214499,0.33230913849193416,0.43243243243243246,0.3316062176165803,-0.0015580608403533793,0.0017441714560412775,0.010563334111018967
semiconductor_ai,5,non_overlapping,2,logistic_decay_market,440,1.0,0.33664287259355397,0.16745080411547297,0.3064516129032258,0.9925373134328358,0.01904188420711104,0.019675152593848333,0.029132546149965143
semiconductor_ai,5,non_overlapping,2,majority_baseline,440,1.0,0.3333333333333333,0.15563298490127758,0.30454545454545456,1.0,0.019157990066431506,,
semiconductor_ai,5,non_overlapping,2,ridge_current,440,1.0,0.3473513439666655,0.1902092860379846,0.3113207547169811,0.9850746268656716,0.01859317076073281,0.03747494417157409,0.010681004138558492
semiconductor_ai,5,non_overlapping,2,ridge_decay_market,440,1.0,0.3373629563851224,0.18744226605525882,0.3062200956937799,0.9552238805970149,0.01941524286700888,0.008196411459640111,0.034921023201253655
semiconductor_ai,5,non_overlapping,2,ridge_decay_only,440,1.0,0.3360918519530494,0.17408620216032164,0.30823529411764705,0.9776119402985075,0.018741784590851615,0.03406885921852395,0.010681004138558492
semiconductor_ai,5,non_overlapping,2,ridge_decay_volume,440,1.0,0.33315516240308757,0.17012280851166825,0.3104265402843602,0.9776119402985075,0.01879375103817346,0.024949146827290762,0.041438496237100976
semiconductor_ai,5,non_overlapping,3,logistic_decay_market,440,1.0,0.3984097587121103,0.38190556289799354,0.5588235294117647,0.30319148936170215,-0.00790009273389886,-0.016729459616726495,0.010729693825803483
semiconductor_ai,5,non_overlapping,3,majority_baseline,440,1.0,0.3333333333333333,0.2047244094488189,0.0,0.0,,,0.003852276734364011
semiconductor_ai,5,non_overlapping,3,ridge_current,440,1.0,0.3766656138436653,0.33941075625954836,0.5818181818181818,0.1702127659574468,-0.01917227033521664,0.003074249164109107,0.00919100972416799
semiconductor_ai,5,non_overlapping,3,ridge_decay_market,440,1.0,0.35721040189125297,0.3124854589515209,0.48148148148148145,0.13829787234042554,-0.0032169769839795943,0.007891476415313976,0.0032006741202696256
semiconductor_ai,5,non_overlapping,3,ridge_decay_only,440,1.0,0.3774533168710101,0.3267886295976184,0.5,0.13829787234042554,-0.002881555061671114,-0.001842446551910543,0.00839640100196287
semiconductor_ai,5,non_overlapping,3,ridge_decay_volume,440,1.0,0.36096706578229537,0.30659672269554267,0.4444444444444444,0.10638297872340426,0.0037731793408011397,-0.004095447016204005,0.008785332755044745
semiconductor_ai,5,non_overlapping,4,logistic_decay_market,418,1.0,0.3233383308345827,0.2960876369327074,0.32432432432432434,0.5217391304347826,0.0270159920720961,0.09374513628983183,0.03209660541053182
semiconductor_ai,5,non_overlapping,4,majority_baseline,418,1.0,0.3333333333333333,0.23794871794871794,0.0,0.0,,,0.029693258282842517
semiconductor_ai,5,non_overlapping,4,ridge_current,418,1.0,0.28990712976844907,0.2789744541798436,0.31343283582089554,0.30434782608695654,0.025826021083337262,0.030579421875766812,0.0323215089629773
semiconductor_ai,5,non_overlapping,4,ridge_decay_market,418,1.0,0.32596201899050475,0.3022065288295187,0.32608695652173914,0.43478260869565216,0.03214748228401951,0.03874853168440575,0.019847714094829563
semiconductor_ai,5,non_overlapping,4,ridge_decay_only,418,1.0,0.2932908545727136,0.2827110681855473,0.3160919540229885,0.39855072463768115,0.027949102939162987,0.03432379929311757,0.028702241628444942
semiconductor_ai,5,non_overlapping,4,ridge_decay_volume,418,1.0,0.2920102448775612,0.2819844000671093,0.3227848101265823,0.3695652173913043,0.029479669781788093,0.03261297717004843,0.027777110986668845
